{"meta":{"version":1,"warehouse":"4.0.0"},"models":{"Asset":[{"_id":"source/README.md","path":"README.md","modified":0,"renderable":0},{"_id":"source/CNAME","path":"CNAME","modified":0,"renderable":0},{"_id":"themes/hexo-theme-snippet/source/favicon.ico","path":"favicon.ico","modified":0,"renderable":1},{"_id":"themes/hexo-theme-snippet/source/assets/highlight.pack.js","path":"assets/highlight.pack.js","modified":0,"renderable":1},{"_id":"themes/hexo-theme-snippet/source/assets/tagcanvas.min.js","path":"assets/tagcanvas.min.js","modified":0,"renderable":1},{"_id":"themes/hexo-theme-snippet/source/assets/valine.min.js","path":"assets/valine.min.js","modified":0,"renderable":1},{"_id":"themes/hexo-theme-snippet/source/css/bootstrap.min.css","path":"css/bootstrap.min.css","modified":0,"renderable":1},{"_id":"themes/hexo-theme-snippet/source/css/font-awesome.min.css","path":"css/font-awesome.min.css","modified":0,"renderable":1},{"_id":"themes/hexo-theme-snippet/source/css/style.css","path":"css/style.css","modified":0,"renderable":1},{"_id":"themes/hexo-theme-snippet/source/fonts/FontAwesome.otf","path":"fonts/FontAwesome.otf","modified":0,"renderable":1},{"_id":"themes/hexo-theme-snippet/source/fonts/fontawesome-webfont.eot","path":"fonts/fontawesome-webfont.eot","modified":0,"renderable":1},{"_id":"themes/hexo-theme-snippet/source/fonts/fontawesome-webfont.svg","path":"fonts/fontawesome-webfont.svg","modified":0,"renderable":1},{"_id":"themes/hexo-theme-snippet/source/fonts/fontawesome-webfont.ttf","path":"fonts/fontawesome-webfont.ttf","modified":0,"renderable":1},{"_id":"themes/hexo-theme-snippet/source/fonts/fontawesome-webfont.woff","path":"fonts/fontawesome-webfont.woff","modified":0,"renderable":1},{"_id":"themes/hexo-theme-snippet/source/fonts/fontawesome-webfont.woff2","path":"fonts/fontawesome-webfont.woff2","modified":0,"renderable":1},{"_id":"themes/hexo-theme-snippet/source/img/avatar.jpg","path":"img/avatar.jpg","modified":0,"renderable":1},{"_id":"themes/hexo-theme-snippet/source/img/avatar2.jpg","path":"img/avatar2.jpg","modified":0,"renderable":1},{"_id":"themes/hexo-theme-snippet/source/img/branding.png","path":"img/branding.png","modified":0,"renderable":1},{"_id":"themes/hexo-theme-snippet/source/img/head-img.jpg","path":"img/head-img.jpg","modified":0,"renderable":1},{"_id":"themes/hexo-theme-snippet/source/img/head-img1.jpg","path":"img/head-img1.jpg","modified":0,"renderable":1},{"_id":"themes/hexo-theme-snippet/source/img/loading.gif","path":"img/loading.gif","modified":0,"renderable":1},{"_id":"themes/hexo-theme-snippet/source/img/reward-wepay.jpg","path":"img/reward-wepay.jpg","modified":0,"renderable":1},{"_id":"themes/hexo-theme-snippet/source/img/timeline-clock.gif","path":"img/timeline-clock.gif","modified":0,"renderable":1},{"_id":"themes/hexo-theme-snippet/source/img/timeline-dot.gif","path":"img/timeline-dot.gif","modified":0,"renderable":1},{"_id":"themes/hexo-theme-snippet/source/img/timeline.gif","path":"img/timeline.gif","modified":0,"renderable":1},{"_id":"themes/hexo-theme-snippet/source/js/app.js","path":"js/app.js","modified":0,"renderable":1},{"_id":"themes/hexo-theme-snippet/source/js/fireworks.js","path":"js/fireworks.js","modified":0,"renderable":1},{"_id":"themes/hexo-theme-snippet/source/js/love.js","path":"js/love.js","modified":0,"renderable":1},{"_id":"themes/hexo-theme-snippet/source/js/search.js","path":"js/search.js","modified":0,"renderable":1},{"_id":"themes/hexo-theme-snippet/source/js/snow.js","path":"js/snow.js","modified":0,"renderable":1}],"Cache":[{"_id":"source/README.md","hash":"9c01f03a7aa1582ccab60816e6745c1aa123ffc2","modified":1613457286197},{"_id":"source/CNAME","hash":"5bbb01bfd42e5fbf24fc97d0a915bfe5917bb454","modified":1613560881450},{"_id":"source/google734b1becc8112357.txt","hash":"f7608b89f90b08f48ccbda04d2fceb5d77882974","modified":1613632269731},{"_id":"source/_posts/Hexo使用笔记.md","hash":"ffb53c816c2e0c5087e3584af6d6f9632eee0860","modified":1613564014259},{"_id":"source/_posts/Typora+PicGo+Gitee使用笔记.md","hash":"e102e7c1d8c06b6f9414745f9676b528b500455c","modified":1613468075700},{"_id":"source/_posts/博客如何发布文章？.md","hash":"114e0a5af12d1ed511ecfa4738711c981af42677","modified":1612793969068},{"_id":"source/_posts/文章模板.txt","hash":"38f09e2d030cc77ca0fb06669dc5590725429073","modified":1612582996148},{"_id":"source/about/index.md","hash":"9962860b2bbf25a206dc2296dfd88b5e3c7e4b58","modified":1611653335056},{"_id":"themes/hexo-theme-snippet/.gitignore","hash":"5636464498c54867468ad1459c76b960af9c275c","modified":1611647038611},{"_id":"themes/hexo-theme-snippet/.travis.yml","hash":"4deaa0954aa7b0f62628557cc7ba4bc2f6be73ac","modified":1611647038612},{"_id":"themes/hexo-theme-snippet/LICENSE","hash":"c976aafe3bc44246a978850b18102966afe3eeb5","modified":1611647038612},{"_id":"themes/hexo-theme-snippet/README.md","hash":"954fefefb977b294ba7dd9e97fcd99c52b1dd1e7","modified":1612449755328},{"_id":"themes/hexo-theme-snippet/_config.yml","hash":"7c88b8dffb34dafce8c9aa04b39cc965aa11512e","modified":1613607953504},{"_id":"themes/hexo-theme-snippet/_travis.sh","hash":"030b5b59dc485b5fa7d155a1da30d9c5c4868f6b","modified":1611647038613},{"_id":"themes/hexo-theme-snippet/gulpfile.js","hash":"f65b7a3a948dc6d2c36259e7836542d82705b205","modified":1611647038614},{"_id":"themes/hexo-theme-snippet/package.json","hash":"6507f1b2b2f5fff7ecfe2ddf5b7886131377ef50","modified":1611647038629},{"_id":"themes/hexo-theme-snippet/.github/ISSUE_TEMPLATE.md","hash":"c32422877f786b7a1a35aa59fd9bcbc9c869b583","modified":1611647038611},{"_id":"themes/hexo-theme-snippet/languages/default.yml","hash":"61533eb5f4c3e75da584faa54758ad11af9050f7","modified":1611647038614},{"_id":"themes/hexo-theme-snippet/languages/ja.yml","hash":"c9deaf06b0edffdcc12c3e48fa649bac094e3f8c","modified":1611647038614},{"_id":"themes/hexo-theme-snippet/languages/zh-CN.yml","hash":"f64f65bb89dc7cc8e22a7323f5a36c2beb87a2d7","modified":1611647038614},{"_id":"themes/hexo-theme-snippet/languages/zh-TW.yml","hash":"e440a8a29dc4266d9ae06ed3601796f7ef3dddee","modified":1611647038615},{"_id":"themes/hexo-theme-snippet/layout/archive.ejs","hash":"dcf0a4d13e124f61920e92d5f73c3f0493c062eb","modified":1611647038627},{"_id":"themes/hexo-theme-snippet/layout/category.ejs","hash":"c97be36b33bb44957778587f00c978f2d28016f8","modified":1611647038628},{"_id":"themes/hexo-theme-snippet/layout/index.ejs","hash":"105a03a545aa7d9e0603a1d04713bcae8e572107","modified":1611647038628},{"_id":"themes/hexo-theme-snippet/layout/layout.ejs","hash":"ea2bb6edd08ad4eb7fcbf8e7e58f933d4fde28af","modified":1613563164482},{"_id":"themes/hexo-theme-snippet/layout/page.ejs","hash":"d9a84e5de6085ac0925d54e3ac0d7927c5ce27f7","modified":1611647038629},{"_id":"themes/hexo-theme-snippet/layout/post.ejs","hash":"17f94fd5a4ddcb033b7114920de7eaba1c623b67","modified":1611647038629},{"_id":"themes/hexo-theme-snippet/layout/tag.ejs","hash":"c97be36b33bb44957778587f00c978f2d28016f8","modified":1611647038629},{"_id":"themes/hexo-theme-snippet/scripts/process.js","hash":"a62a19ba1291e6d84999ce5e294a60fc3a4ebc46","modified":1611647038630},{"_id":"themes/hexo-theme-snippet/scripts/helper.js","hash":"c4bf0462d7444b58e40baac50f6da42114782758","modified":1611647038630},{"_id":"themes/hexo-theme-snippet/source/favicon.ico","hash":"2dd1e3816e5d9c7371333a7139d43ed17cb2ea00","modified":1612595158483},{"_id":"themes/hexo-theme-snippet/.github/ISSUE_TEMPLATE/feature_request.md","hash":"73a98280892b1a46317dad9721b6de5244ded398","modified":1611647038611},{"_id":"themes/hexo-theme-snippet/.github/ISSUE_TEMPLATE/bug_report.md","hash":"c30b145df577faed45a8b0f6da4aa8c3f06849dd","modified":1611647038611},{"_id":"themes/hexo-theme-snippet/layout/_partial/archive.ejs","hash":"18cd984a3f736daacd8024b21b6a9d189272155e","modified":1611647038617},{"_id":"themes/hexo-theme-snippet/layout/_partial/article-meta.ejs","hash":"47e39819428faae621734d4d827759cb4cc7c421","modified":1611647038617},{"_id":"themes/hexo-theme-snippet/layout/_partial/article.ejs","hash":"0c46f4477032f252e2cca2ca35ba0ce0075321e9","modified":1611647038618},{"_id":"themes/hexo-theme-snippet/layout/_partial/busuanzi.ejs","hash":"77a6230ac178d84b1d39cacec85edd466fbf35da","modified":1613574639548},{"_id":"themes/hexo-theme-snippet/layout/_partial/copyright.ejs","hash":"77e09167c6706166a181d6fcfccf65304a93688d","modified":1613574900886},{"_id":"themes/hexo-theme-snippet/layout/_partial/footer.ejs","hash":"2203a4e953928a47dfa6c751d382ca2b7a2c61e0","modified":1613574533038},{"_id":"themes/hexo-theme-snippet/layout/_partial/gallery.ejs","hash":"f5289f3c7678deacd20172579bc555c53f64f31f","modified":1611647038619},{"_id":"themes/hexo-theme-snippet/layout/_partial/head.ejs","hash":"0989947615af26a82a2fe68d4bbdb62cf9d1a307","modified":1611647038619},{"_id":"themes/hexo-theme-snippet/layout/_partial/header.ejs","hash":"3b2121ba50d6d6062c4b3f7a30098e3a5fe9b98b","modified":1611647038619},{"_id":"themes/hexo-theme-snippet/layout/_partial/nav.ejs","hash":"64f72cfd58cc2efb531e2afc271f88f12e567ecf","modified":1611647038620},{"_id":"themes/hexo-theme-snippet/layout/_partial/pagination.ejs","hash":"abe72803801325d036dca8342e352ad2a358e4e3","modified":1611647038620},{"_id":"themes/hexo-theme-snippet/layout/_partial/reward.ejs","hash":"15fb7b5aaff434cf7db16742871016ece3e6d152","modified":1611647038620},{"_id":"themes/hexo-theme-snippet/layout/_partial/script.ejs","hash":"e9d77511fca8cc7a4236e0675474eb4a28e40a8c","modified":1611647038620},{"_id":"themes/hexo-theme-snippet/layout/_partial/sidebar.ejs","hash":"aa149d9cc4a05447b03330b2ab2d9a7ebbc3a31b","modified":1611647038621},{"_id":"themes/hexo-theme-snippet/layout/_partial/toc.ejs","hash":"d4fcdffd19820c8becf8e292c8cfae66efb93541","modified":1611647038621},{"_id":"themes/hexo-theme-snippet/layout/_vendor/baidu_sitemap.ejs","hash":"0c23db3dadb74669d04363fc6f18c6f76c0bc9c5","modified":1611647038623},{"_id":"themes/hexo-theme-snippet/layout/_widget/archive.ejs","hash":"8a54a852fe493babe755764ca1708279fa2c271f","modified":1611647038625},{"_id":"themes/hexo-theme-snippet/layout/_widget/category.ejs","hash":"26c8fcb20cad493e6a17cc6f4eec28fe0489cb9f","modified":1611647038626},{"_id":"themes/hexo-theme-snippet/layout/_widget/friends.ejs","hash":"9a31894d6b202be7c1b23c19b7c7b0b553773285","modified":1611647038626},{"_id":"themes/hexo-theme-snippet/layout/_widget/notification.ejs","hash":"1e77328d7052f4b841fb6f064b175f59ffe6fc00","modified":1611647038626},{"_id":"themes/hexo-theme-snippet/layout/_widget/search.ejs","hash":"1582212858af4333695a28784df6aa1d51acc025","modified":1611647038626},{"_id":"themes/hexo-theme-snippet/layout/_widget/social.ejs","hash":"ce6ac2c61e1c526814a4da74baa095577a7c323a","modified":1611647038626},{"_id":"themes/hexo-theme-snippet/layout/_widget/tagcloud.ejs","hash":"1cb757275d81f12b03a86cbd3d77f8f6b40e6e1b","modified":1611647038627},{"_id":"themes/hexo-theme-snippet/source/assets/highlight.pack.js","hash":"b93558f0b97e233132a8ccf7f0275053f2df4628","modified":1611647038632},{"_id":"themes/hexo-theme-snippet/source/assets/tagcanvas.min.js","hash":"8102d7651a1f65b1bd8f8dd62f2d68cdd6b746dd","modified":1611647038632},{"_id":"themes/hexo-theme-snippet/source/css/font-awesome.min.css","hash":"88af80502c44cd52ca81ffe7dc7276b7eccb06cf","modified":1611647038635},{"_id":"themes/hexo-theme-snippet/source/css/style.css","hash":"2b95afa6a29c9b2fafb2879f3a4163c698d60c43","modified":1613481157986},{"_id":"themes/hexo-theme-snippet/source/img/avatar2.jpg","hash":"512025710a8c6c938ab636fcb3c9da1c8df0eec0","modified":1611647038652},{"_id":"themes/hexo-theme-snippet/source/img/branding.png","hash":"18bee49d6a4c521ad230047c0b416245e009c2c9","modified":1611647038653},{"_id":"themes/hexo-theme-snippet/source/img/head-img.jpg","hash":"4f84663a74b358f23c9fdefebe6a96e33ad051cd","modified":1611659830990},{"_id":"themes/hexo-theme-snippet/source/img/head-img1.jpg","hash":"d703511857e7d55142a3d3fbe107d923cbd4adfc","modified":1613531010296},{"_id":"themes/hexo-theme-snippet/source/img/reward-wepay.jpg","hash":"2a56391f2b6282b49e724b72bf610b0dabf53742","modified":1611647038655},{"_id":"themes/hexo-theme-snippet/source/img/timeline-clock.gif","hash":"2bec1bf5efd948ab2e5942b6da8164faa41b62b2","modified":1611647038656},{"_id":"themes/hexo-theme-snippet/source/img/timeline-dot.gif","hash":"c85ef87be5b631c009e7c5737d33b61dfe580a4d","modified":1611647038656},{"_id":"themes/hexo-theme-snippet/source/img/timeline.gif","hash":"b7c7aac44e618df19626d882dc46db48a4aa3673","modified":1611647038657},{"_id":"themes/hexo-theme-snippet/source/js/app.js","hash":"bd2d4d7d975431a4fa1125c098f6b95fc752421d","modified":1611647038657},{"_id":"themes/hexo-theme-snippet/source/js/fireworks.js","hash":"e9c74f2dd3953d4d8dec44e9977574d00702e84d","modified":1613563330393},{"_id":"themes/hexo-theme-snippet/source/js/love.js","hash":"da1ac4e3a0141ca7d1e73904577ed8a78ec95266","modified":1613478653422},{"_id":"themes/hexo-theme-snippet/source/js/search.js","hash":"88bdeed9b56c7dd5d2b5194b268fad605c129d58","modified":1611647038657},{"_id":"themes/hexo-theme-snippet/source/js/snow.js","hash":"740e40122af029e4d4f78e8f84fc61ad5fa72003","modified":1613528425441},{"_id":"themes/hexo-theme-snippet/layout/_partial/_head-sections/IE.ejs","hash":"9244b4d56884e8bedcff62aab74ef7bb025cdd7a","modified":1611647038616},{"_id":"themes/hexo-theme-snippet/layout/_partial/_head-sections/seo.ejs","hash":"ac931754998d13f8b65c43e542e71b03d779b97f","modified":1611647038616},{"_id":"themes/hexo-theme-snippet/layout/_partial/_head-sections/style.ejs","hash":"a7711ea1a0d55d08b57f6acbea7adbf107269200","modified":1611647038617},{"_id":"themes/hexo-theme-snippet/layout/_partial/_head-sections/title.ejs","hash":"fe7be7d5ba935e52063be2f3e94643a9e1e8417d","modified":1611647038617},{"_id":"themes/hexo-theme-snippet/layout/_vendor/analytics/baidu.ejs","hash":"7818d02890dc3aba795d850613eccab3b65836eb","modified":1611647038621},{"_id":"themes/hexo-theme-snippet/layout/_vendor/analytics/cnzz.ejs","hash":"0f3f14339587f8be960ef7b6f47760ad7d6cfad1","modified":1611647038622},{"_id":"themes/hexo-theme-snippet/layout/_vendor/analytics/google.ejs","hash":"69d06f6d8587d10daccc9702f0f142ebe7c615b9","modified":1611647038622},{"_id":"themes/hexo-theme-snippet/layout/_vendor/analytics/index.ejs","hash":"68b3680acd34f62b0b4e0017e3d8bab20d4e459f","modified":1611647038622},{"_id":"themes/hexo-theme-snippet/layout/_vendor/analytics/tencent.ejs","hash":"93ad3f5a68f1c2e432500c350ff97aad399d90a6","modified":1611647038622},{"_id":"themes/hexo-theme-snippet/layout/_vendor/comments/changyan.ejs","hash":"9526589626a038d6fb6da7d2ced7eb03ee18282f","modified":1611647038623},{"_id":"themes/hexo-theme-snippet/layout/_vendor/comments/disqus.ejs","hash":"5330d3413f25d3b0d404d5339111c0f57e06d124","modified":1611647038623},{"_id":"themes/hexo-theme-snippet/layout/_vendor/comments/gitalk.ejs","hash":"a53858839e432ca6ddd07f59496a89784b485b6b","modified":1611647038623},{"_id":"themes/hexo-theme-snippet/layout/_vendor/comments/gitment.ejs","hash":"21f60b9df7aa0efed80d298122b2f9bc28c24de9","modified":1611647038624},{"_id":"themes/hexo-theme-snippet/layout/_vendor/comments/index.ejs","hash":"2d8dc5906bd8f115a1f2bf2cf1f74480c43726e2","modified":1611647038624},{"_id":"themes/hexo-theme-snippet/layout/_vendor/comments/livere.ejs","hash":"5d2a612b16a5ae05abaddc4af7a12a4d42ee191d","modified":1611647038624},{"_id":"themes/hexo-theme-snippet/layout/_vendor/comments/uyan.ejs","hash":"4d5e43c69eb28d2f45bba3c1cee25d773b02f0d0","modified":1611647038625},{"_id":"themes/hexo-theme-snippet/layout/_vendor/comments/valine.ejs","hash":"2dd5601f0955f69563ee1fd9b69389112f970788","modified":1611647038625},{"_id":"themes/hexo-theme-snippet/source/css/less/_highlight.less","hash":"e91f9fb4dcb56ef1fb3750d4c81e6f5449b2de12","modified":1611647038635},{"_id":"themes/hexo-theme-snippet/source/css/less/_mixins.less","hash":"e52351351ae5388cbc658becd608c733c199c4a5","modified":1611647038636},{"_id":"themes/hexo-theme-snippet/source/css/less/_reward.less","hash":"0691efb4fd3e361e24feb1a77fa16e3cd73ba633","modified":1611647038636},{"_id":"themes/hexo-theme-snippet/source/css/less/_scrollbar.less","hash":"11e85aaf8e0d532afc75b99ff897e6029515d0af","modified":1611647038636},{"_id":"themes/hexo-theme-snippet/source/css/less/_style.less","hash":"35234f7da8deaaddf97ad1265ca2fd4d07bc7d04","modified":1611647038637},{"_id":"themes/hexo-theme-snippet/source/css/less/_timeline.less","hash":"ebb24c9be11df98d40c6a736454e03db88ac1809","modified":1611647038637},{"_id":"themes/hexo-theme-snippet/source/css/less/_variable.less","hash":"35a72a871d40b42cd5a6eb9d60eaf89a5bef5f56","modified":1611647038637},{"_id":"themes/hexo-theme-snippet/source/assets/valine.min.js","hash":"61d8a2678c19153cda6bbd45746648816cc3400f","modified":1611647038633},{"_id":"themes/hexo-theme-snippet/source/css/bootstrap.min.css","hash":"224c9f9ad11b495358aa61dbd53e838e9b61015b","modified":1611647038634},{"_id":"themes/hexo-theme-snippet/source/fonts/fontawesome-webfont.woff","hash":"28b782240b3e76db824e12c02754a9731a167527","modified":1611647038650},{"_id":"themes/hexo-theme-snippet/source/fonts/fontawesome-webfont.woff2","hash":"d6f48cba7d076fb6f2fd6ba993a75b9dc1ecbf0c","modified":1611647038652},{"_id":"themes/hexo-theme-snippet/source/img/avatar.jpg","hash":"de4e237eed72742227630f4e60a69afa78584d60","modified":1612592474564},{"_id":"themes/hexo-theme-snippet/source/img/loading.gif","hash":"6cea4dc953ac09fb744c7fedc12a1f4736faf8ec","modified":1611647038655},{"_id":"themes/hexo-theme-snippet/source/fonts/FontAwesome.otf","hash":"048707bc52ac4b6563aaa383bfe8660a0ddc908c","modified":1611647038640},{"_id":"themes/hexo-theme-snippet/source/fonts/fontawesome-webfont.ttf","hash":"13b1eab65a983c7a73bc7997c479d66943f7c6cb","modified":1611647038649},{"_id":"themes/hexo-theme-snippet/source/fonts/fontawesome-webfont.eot","hash":"d980c2ce873dc43af460d4d572d441304499f400","modified":1611647038643},{"_id":"themes/hexo-theme-snippet/source/fonts/fontawesome-webfont.svg","hash":"b5483b11f8ba213e733b5b8af9927a04fec996f6","modified":1611647038646},{"_id":"public/baidusitemap.xml","hash":"0f0b8592a87fd063b9c9ad9df89830bb57788c08","modified":1613634519254},{"_id":"public/content.json","hash":"88e9d1119df069ad7e89f19f7d5ddaeda09ef293","modified":1613634519254},{"_id":"public/sitemap.xml","hash":"3613eea52d29b1cf5490e8a1fb6fc62e25139379","modified":1613634519254},{"_id":"public/about/index.html","hash":"7d913f9758340a10f0d4c01b68fd125184be84ce","modified":1613634519254},{"_id":"public/2021/01/26/Hexo使用笔记/index.html","hash":"ba8703ba5caec48a796e5a5d11ff0f32f634770b","modified":1613634519254},{"_id":"public/archives/index.html","hash":"17db5f05dc9eed4dc23d451bc0abf3782a24cf81","modified":1613634519254},{"_id":"public/archives/2021/index.html","hash":"8d6c708b53c9932f2fdc78bbcebab7e3543f591c","modified":1613634519254},{"_id":"public/archives/2021/01/index.html","hash":"e5bce280370603bd64c0d499bca6e1248ae344ed","modified":1613634519254},{"_id":"public/archives/2021/02/index.html","hash":"85acfcb7162235ae21a37cc198c1423471b5ba58","modified":1613634519254},{"_id":"public/tags/图床/index.html","hash":"a5891bf7b64e038edb146db2d370c97f1bfb3a42","modified":1613634519254},{"_id":"public/2021/02/08/Typora+PicGo+Gitee使用笔记/index.html","hash":"9d6b1012ed8ad0d9cda1a2475fa508f7495049a7","modified":1613634519254},{"_id":"public/2021/02/08/博客如何发布文章？/index.html","hash":"5047b397d99772130a7ff4dcebca4247dc391cd2","modified":1613634519254},{"_id":"public/categories/充电学习/index.html","hash":"a2e25403e081af5aca5a32cf763a2fde0b955edd","modified":1613634519254},{"_id":"public/index.html","hash":"822850aadc63aabde14d8ea6bef427eed3e1a081","modified":1613634519254},{"_id":"public/tags/博客搭建/index.html","hash":"2fca0c588f56f2f420b5af3f3aec8e2504e6f7ba","modified":1613634519254},{"_id":"public/README.md","hash":"9c01f03a7aa1582ccab60816e6745c1aa123ffc2","modified":1613632535495},{"_id":"public/CNAME","hash":"5bbb01bfd42e5fbf24fc97d0a915bfe5917bb454","modified":1613632535495},{"_id":"public/google734b1becc8112357.txt","hash":"f7608b89f90b08f48ccbda04d2fceb5d77882974","modified":1613632535495},{"_id":"public/favicon.ico","hash":"2dd1e3816e5d9c7371333a7139d43ed17cb2ea00","modified":1613632535495},{"_id":"public/img/avatar2.jpg","hash":"512025710a8c6c938ab636fcb3c9da1c8df0eec0","modified":1613632535495},{"_id":"public/img/branding.png","hash":"18bee49d6a4c521ad230047c0b416245e009c2c9","modified":1613632535495},{"_id":"public/img/head-img.jpg","hash":"4f84663a74b358f23c9fdefebe6a96e33ad051cd","modified":1613632535495},{"_id":"public/img/head-img1.jpg","hash":"d703511857e7d55142a3d3fbe107d923cbd4adfc","modified":1613632535495},{"_id":"public/img/reward-wepay.jpg","hash":"2a56391f2b6282b49e724b72bf610b0dabf53742","modified":1613632535495},{"_id":"public/img/timeline-clock.gif","hash":"2bec1bf5efd948ab2e5942b6da8164faa41b62b2","modified":1613632535495},{"_id":"public/img/timeline-dot.gif","hash":"c85ef87be5b631c009e7c5737d33b61dfe580a4d","modified":1613632535495},{"_id":"public/img/timeline.gif","hash":"b7c7aac44e618df19626d882dc46db48a4aa3673","modified":1613632535495},{"_id":"public/fonts/fontawesome-webfont.woff","hash":"28b782240b3e76db824e12c02754a9731a167527","modified":1613632535495},{"_id":"public/img/avatar.jpg","hash":"de4e237eed72742227630f4e60a69afa78584d60","modified":1613632535495},{"_id":"public/fonts/fontawesome-webfont.woff2","hash":"d6f48cba7d076fb6f2fd6ba993a75b9dc1ecbf0c","modified":1613632535495},{"_id":"public/img/loading.gif","hash":"6cea4dc953ac09fb744c7fedc12a1f4736faf8ec","modified":1613632535495},{"_id":"public/fonts/FontAwesome.otf","hash":"048707bc52ac4b6563aaa383bfe8660a0ddc908c","modified":1613632535495},{"_id":"public/fonts/fontawesome-webfont.ttf","hash":"13b1eab65a983c7a73bc7997c479d66943f7c6cb","modified":1613632535495},{"_id":"public/assets/highlight.pack.js","hash":"f39840759ec9afe56ec1ca30579d1f1c9d1f6026","modified":1613632535495},{"_id":"public/js/app.js","hash":"d2875e23bb96ecf4870894737a9c75de24caa847","modified":1613632535495},{"_id":"public/js/fireworks.js","hash":"53981959bc6def4a85bbbb41b07e4b1474a2124d","modified":1613632535495},{"_id":"public/js/love.js","hash":"da1ac4e3a0141ca7d1e73904577ed8a78ec95266","modified":1613632535495},{"_id":"public/js/search.js","hash":"779781a3c5e92fc3e7ca78da73b68fcbcd011d91","modified":1613632535495},{"_id":"public/js/snow.js","hash":"e75c52344c6bfccdfb9144d4b7ba5854b60ce688","modified":1613632535495},{"_id":"public/fonts/fontawesome-webfont.eot","hash":"d980c2ce873dc43af460d4d572d441304499f400","modified":1613632535495},{"_id":"public/css/font-awesome.min.css","hash":"512c7d79033e3028a9be61b540cf1a6870c896f8","modified":1613632535495},{"_id":"public/assets/tagcanvas.min.js","hash":"a14280f4e924428ac0cdbac7635a7279cab1b6bf","modified":1613632535495},{"_id":"public/css/style.css","hash":"427e307fbbd45b4f6d9228244ef2939678272813","modified":1613632535495},{"_id":"public/assets/valine.min.js","hash":"d9d4a8f81f288b77b3d0a3866d004e2b5eb30038","modified":1613632535495},{"_id":"public/fonts/fontawesome-webfont.svg","hash":"b5483b11f8ba213e733b5b8af9927a04fec996f6","modified":1613632535495},{"_id":"public/css/bootstrap.min.css","hash":"6527d8bf3e1e9368bab8c7b60f56bc01fa3afd68","modified":1613632535495}],"Category":[{"name":"充电学习","_id":"cklaj5djb0003uoub45e003t2"}],"Data":[],"Page":[{"title":"about","date":"2021-01-26T08:55:30.000Z","_content":"\n欢迎来到这里。\n\n## 关于博客\n\n　　本站采用 [Hexo](https://hexo.io/zh-cn/) 框架，使用 [Snippet](https://github.com/shenliyang/hexo-theme-snippet) 主题，托管于GitHub。\n\n","source":"about/index.md","raw":"---\ntitle: about\ndate: 2021-01-26 16:55:30\n---\n\n欢迎来到这里。\n\n## 关于博客\n\n　　本站采用 [Hexo](https://hexo.io/zh-cn/) 框架，使用 [Snippet](https://github.com/shenliyang/hexo-theme-snippet) 主题，托管于GitHub。\n\n","updated":"2021-01-26T09:28:55.056Z","path":"about/index.html","comments":1,"layout":"page","_id":"cklaj5dj80001uoubc1ptbpzf","content":"<p>欢迎来到这里。</p>\n<h2 id=\"关于博客\"><a href=\"#关于博客\" class=\"headerlink\" title=\"关于博客\"></a>关于博客</h2><p>　　本站采用 <a href=\"https://hexo.io/zh-cn/\">Hexo</a> 框架，使用 <a href=\"https://github.com/shenliyang/hexo-theme-snippet\">Snippet</a> 主题，托管于GitHub。</p>\n","site":{"data":{}},"excerpt":"","more":"<p>欢迎来到这里。</p>\n<h2 id=\"关于博客\"><a href=\"#关于博客\" class=\"headerlink\" title=\"关于博客\"></a>关于博客</h2><p>　　本站采用 <a href=\"https://hexo.io/zh-cn/\">Hexo</a> 框架，使用 <a href=\"https://github.com/shenliyang/hexo-theme-snippet\">Snippet</a> 主题，托管于GitHub。</p>\n"}],"Post":[{"title":"Hexo使用笔记","date":"2021-01-26T08:28:01.000Z","img":"https://gitee.com/tigeedev/blog-image/raw/master/img/20210209124707.png","_content":"\n## 【01】Hexo搭建指南\n\n具体教程：\n\n[使用hexo+github搭建免费个人博客详细教程](http://blog.haoji.me/build-blog-website-by-hexo-github.html?from=xa)\n\n[使用 Github Pages 和 Hexo 搭建自己的独立博客](https://www.itrhx.com/2018/08/15/A02-hexo-blog/)\n\n两者搭配使用，体验更佳\n\n------\n\n\n\n## 【02】Markdown语法教程\n\n教程：[献给写作者的 Markdown 新手指南](https://www.jianshu.com/p/q81RER)\n\n------\n\n\n\n## 【03】Hexo博客优化\n\n教程：\n\n[Hexo 博客主题个性化](https://www.itrhx.com/2018/08/27/A04-Hexo-blog-topic-personalization/)\n\n[Hexo 搭建个人博客系列：主题美化篇](http://yearito.cn/posts/hexo-theme-beautify.html)\n\n------\n\n\n\n\n","source":"_posts/Hexo使用笔记.md","raw":"---\ntitle: Hexo使用笔记\ncategories:\n  - 充电学习\ntags:\n  - 博客搭建\ndate: 2021-01-26 16:28:01\nimg: https://gitee.com/tigeedev/blog-image/raw/master/img/20210209124707.png\n---\n\n## 【01】Hexo搭建指南\n\n具体教程：\n\n[使用hexo+github搭建免费个人博客详细教程](http://blog.haoji.me/build-blog-website-by-hexo-github.html?from=xa)\n\n[使用 Github Pages 和 Hexo 搭建自己的独立博客](https://www.itrhx.com/2018/08/15/A02-hexo-blog/)\n\n两者搭配使用，体验更佳\n\n------\n\n\n\n## 【02】Markdown语法教程\n\n教程：[献给写作者的 Markdown 新手指南](https://www.jianshu.com/p/q81RER)\n\n------\n\n\n\n## 【03】Hexo博客优化\n\n教程：\n\n[Hexo 博客主题个性化](https://www.itrhx.com/2018/08/27/A04-Hexo-blog-topic-personalization/)\n\n[Hexo 搭建个人博客系列：主题美化篇](http://yearito.cn/posts/hexo-theme-beautify.html)\n\n------\n\n\n\n\n","slug":"Hexo使用笔记","published":1,"updated":"2021-02-17T12:13:34.259Z","comments":1,"layout":"post","photos":[],"link":"","_id":"cklaj5dj30000uoub5lsj2xq1","content":"<h2 id=\"【01】Hexo搭建指南\"><a href=\"#【01】Hexo搭建指南\" class=\"headerlink\" title=\"【01】Hexo搭建指南\"></a>【01】Hexo搭建指南</h2><p>具体教程：</p>\n<p><a href=\"http://blog.haoji.me/build-blog-website-by-hexo-github.html?from=xa\">使用hexo+github搭建免费个人博客详细教程</a></p>\n<p><a href=\"https://www.itrhx.com/2018/08/15/A02-hexo-blog/\">使用 Github Pages 和 Hexo 搭建自己的独立博客</a></p>\n<p>两者搭配使用，体验更佳</p>\n<hr>\n<h2 id=\"【02】Markdown语法教程\"><a href=\"#【02】Markdown语法教程\" class=\"headerlink\" title=\"【02】Markdown语法教程\"></a>【02】Markdown语法教程</h2><p>教程：<a href=\"https://www.jianshu.com/p/q81RER\">献给写作者的 Markdown 新手指南</a></p>\n<hr>\n<h2 id=\"【03】Hexo博客优化\"><a href=\"#【03】Hexo博客优化\" class=\"headerlink\" title=\"【03】Hexo博客优化\"></a>【03】Hexo博客优化</h2><p>教程：</p>\n<p><a href=\"https://www.itrhx.com/2018/08/27/A04-Hexo-blog-topic-personalization/\">Hexo 博客主题个性化</a></p>\n<p><a href=\"http://yearito.cn/posts/hexo-theme-beautify.html\">Hexo 搭建个人博客系列：主题美化篇</a></p>\n<hr>\n","site":{"data":{}},"excerpt":"","more":"<h2 id=\"【01】Hexo搭建指南\"><a href=\"#【01】Hexo搭建指南\" class=\"headerlink\" title=\"【01】Hexo搭建指南\"></a>【01】Hexo搭建指南</h2><p>具体教程：</p>\n<p><a href=\"http://blog.haoji.me/build-blog-website-by-hexo-github.html?from=xa\">使用hexo+github搭建免费个人博客详细教程</a></p>\n<p><a href=\"https://www.itrhx.com/2018/08/15/A02-hexo-blog/\">使用 Github Pages 和 Hexo 搭建自己的独立博客</a></p>\n<p>两者搭配使用，体验更佳</p>\n<hr>\n<h2 id=\"【02】Markdown语法教程\"><a href=\"#【02】Markdown语法教程\" class=\"headerlink\" title=\"【02】Markdown语法教程\"></a>【02】Markdown语法教程</h2><p>教程：<a href=\"https://www.jianshu.com/p/q81RER\">献给写作者的 Markdown 新手指南</a></p>\n<hr>\n<h2 id=\"【03】Hexo博客优化\"><a href=\"#【03】Hexo博客优化\" class=\"headerlink\" title=\"【03】Hexo博客优化\"></a>【03】Hexo博客优化</h2><p>教程：</p>\n<p><a href=\"https://www.itrhx.com/2018/08/27/A04-Hexo-blog-topic-personalization/\">Hexo 博客主题个性化</a></p>\n<p><a href=\"http://yearito.cn/posts/hexo-theme-beautify.html\">Hexo 搭建个人博客系列：主题美化篇</a></p>\n<hr>\n"},{"title":"Typora+PicGo+Gitee使用笔记","date":"2021-02-08T06:57:01.000Z","img":"https://gitee.com/tigeedev/blog-image/raw/master/img/20210209115603.png","_content":"\n# 一、前言\n\n之前我的写作方案一直是：**Typora + OneDrive** 。因为这样所有操作都可以在本地进行，没有上传图片的烦恼\n\n但是在博客写作中想要插入一些图片时，就需要将图片上传至图床生成 URL。网上一番探索后，最终挑选出以下几种方案：\n\n1. 阿里云对象存储 [OSS](https://help.aliyun.com/product/31815.html)（一年9块）\n2. Github图床 + [jsdelivr](https://www.jsdelivr.com/) 的 CDN 加速。参考文章：[Github+jsDelivr+PicGo 打造稳定快速、高效免费图床](http://www.itrhx.com/2019/08/01/A27-image-hosting/)\n3. Gtiee图床（码云）\n\n所以目前我也有了一套比较满意的写作方案： **Typora+ PicGo + Gitee**  。使用Typora编写markdown笔记，Gitee作为图床，PicGo用于自动上传图片。完美~\n\n配置过程顺便做了笔记，留作以后参考。\n\n\n\n# 二、本文工具介绍\n\n1. [Gitee](https://gitee.com/) ：国内版的Github，功能跟Github基本一样，而且在国内访问非常快，用作图床再合适不过\n2. [PicGo](https://picgo.github.io/PicGo-Doc/) ：一个用于快速上传图片并获取图片 URL 链接的工具，可以关联 Gitee 仓库，上传图片非常方便\n3. [Typora](https://www.typora.io/) ：一款优雅的markdown编辑器，所见即所得的方式让人爱不释手。新版的Typora已经支持PicGo ，写作过程中插入图片便可直接上传至 Gitee\n\nMarkdown 是一种轻量级标记语言，Github中的帮助文档也是统一使用 Markdown 编写。语法十分简单，十分钟便可入门。推荐学习教程：[献给写作者的 Markdown 新手指南](https://www.jianshu.com/p/q81RER)\n\n\n\n# 三、配置 Gitee\n\n## 3.1 新建仓库\n\n登录 gitee ，点击右上角的 + 号，新建仓库\n\n<img src=\"https://gitee.com/tigeedev/blog-image/raw/master/img/20210208122810.png\" alt=\"image-20210208122809749\" style=\"zoom:80%;\" />\n\n\n\n\n\n## 3.2 新建仓库基本配置\n\n输入仓库名称，选择公开仓库，勾选使用 Readme 文件初始化这个仓库，然后点击 \"创建\" 即可\n\n![image-20210208124231943](https://gitee.com/tigeedev/blog-image/raw/master/img/20210208153031.png)\n\n\n\n## 3.3 生成私人令牌（token）\n\n点击设置-私人令牌-生成新令牌。注意**令牌只会显示一次，要注意保存，后面在 PicGo 中会用到。**如果忘记也可以删除重新生成。\n\n![image-20210208132211648](https://gitee.com/tigeedev/blog-image/raw/master/img/20210208153055.png)\n\n\n\n# 四、安装配置 PicGo\n\n## 4.1 安装图床插件\n\n由于 PicGo 本体并不支持 Gitee 图床，所以需要通过第三方图床插件来实现。找到 **gitee-uploader** 插件，安装成功图床中便会出现 gitee 一栏\n\n注意：电脑中必须先安装 [node.js](https://nodejs.org/en/) 才能安装插件，安装完重启即可\n\n![image-20210208133129721](https://gitee.com/tigeedev/blog-image/raw/master/img/20210208153146.png)\n\n\n\n## 4.2 配置 gitee 图床\n\n- repo：用户名/仓库名称，比如我自己的仓库 tigeedev/blog-Image\n- branch：分支，填 master\n- token：填入前面码云的私人令牌，搞丢了可以重新生成\n- path：路径，一般写上 img\n- customPath：这一项和下一项都不用填\n\n然后点击确定，并设为默认图床\n\n![image-20210208134202618](https://gitee.com/tigeedev/blog-image/raw/master/img/20210208153201.png)\n\n\n\n## 4.3 激活PicGo-Server\n\n2.2 版本之后，PicGo内部会默认开启一个小型的服务器，用于配合其他应用来调用PicGo进行上传。\n\n打开 PicGo 设置页面，点击 \"设置 Server\" ，参考下图进行设置即可。\n\n![image-20210208140449603](https://gitee.com/tigeedev/blog-image/raw/master/img/20210208153252.png)\n\n\n\n到这一步，已经可以在 PicGo 中上传图片了。上传成功 PicGo 会有提示，也可以在 Gitee 仓库中查看\n\n\n\n# 五、配置 Typora\n\n用 Typora 写作时，如果插入的图片能直接上传到 Gitee 岂不是很方便？所以在 **Typora 0.9.84 及以上版本**已经支持了 PicGo\n\n点击 **文件--偏好设置--图像**，插入图片时选择 \"上传图片\" ，然后下面选择本地 PicGo 的路径即可\n\n![image-20210208143016808](https://gitee.com/tigeedev/blog-image/raw/master/img/20210208153236.png)\n\n\n\n**验证图片上传**\n\n点击 \"验证图片上传\" ，验证成功会返回如下结果。\n\n![image-20210208143304889](https://gitee.com/tigeedev/blog-image/raw/master/img/20210208153315.png)\n\n至此已经全部设置完成，以后在 Typora 中插入图片时，就可以自动上传到对应图床啦！\n\n\n\n# 六、管理图片\n\n**所有上传的图片都可以在 Gitee 仓库中查看， 也可以在 PicGo 的相册中进行管理**\n\n不过可能是插件的原因，对相册中的图片进行的操作都会同步到 Gitee。也就是说**在相册中删除图片时，Gitee中的图片也会同步删除**，所以一定注意不要误删。\n\n![image-20210208135110662](https://gitee.com/tigeedev/blog-image/raw/master/img/20210208221228.png)","source":"_posts/Typora+PicGo+Gitee使用笔记.md","raw":"---\ntitle: Typora+PicGo+Gitee使用笔记\ncategories:\n  - 充电学习\ntags:\n  - 博客搭建\n  - 图床\ndate: 2021-02-08 14:57:01\nimg: https://gitee.com/tigeedev/blog-image/raw/master/img/20210209115603.png\n---\n\n# 一、前言\n\n之前我的写作方案一直是：**Typora + OneDrive** 。因为这样所有操作都可以在本地进行，没有上传图片的烦恼\n\n但是在博客写作中想要插入一些图片时，就需要将图片上传至图床生成 URL。网上一番探索后，最终挑选出以下几种方案：\n\n1. 阿里云对象存储 [OSS](https://help.aliyun.com/product/31815.html)（一年9块）\n2. Github图床 + [jsdelivr](https://www.jsdelivr.com/) 的 CDN 加速。参考文章：[Github+jsDelivr+PicGo 打造稳定快速、高效免费图床](http://www.itrhx.com/2019/08/01/A27-image-hosting/)\n3. Gtiee图床（码云）\n\n所以目前我也有了一套比较满意的写作方案： **Typora+ PicGo + Gitee**  。使用Typora编写markdown笔记，Gitee作为图床，PicGo用于自动上传图片。完美~\n\n配置过程顺便做了笔记，留作以后参考。\n\n\n\n# 二、本文工具介绍\n\n1. [Gitee](https://gitee.com/) ：国内版的Github，功能跟Github基本一样，而且在国内访问非常快，用作图床再合适不过\n2. [PicGo](https://picgo.github.io/PicGo-Doc/) ：一个用于快速上传图片并获取图片 URL 链接的工具，可以关联 Gitee 仓库，上传图片非常方便\n3. [Typora](https://www.typora.io/) ：一款优雅的markdown编辑器，所见即所得的方式让人爱不释手。新版的Typora已经支持PicGo ，写作过程中插入图片便可直接上传至 Gitee\n\nMarkdown 是一种轻量级标记语言，Github中的帮助文档也是统一使用 Markdown 编写。语法十分简单，十分钟便可入门。推荐学习教程：[献给写作者的 Markdown 新手指南](https://www.jianshu.com/p/q81RER)\n\n\n\n# 三、配置 Gitee\n\n## 3.1 新建仓库\n\n登录 gitee ，点击右上角的 + 号，新建仓库\n\n<img src=\"https://gitee.com/tigeedev/blog-image/raw/master/img/20210208122810.png\" alt=\"image-20210208122809749\" style=\"zoom:80%;\" />\n\n\n\n\n\n## 3.2 新建仓库基本配置\n\n输入仓库名称，选择公开仓库，勾选使用 Readme 文件初始化这个仓库，然后点击 \"创建\" 即可\n\n![image-20210208124231943](https://gitee.com/tigeedev/blog-image/raw/master/img/20210208153031.png)\n\n\n\n## 3.3 生成私人令牌（token）\n\n点击设置-私人令牌-生成新令牌。注意**令牌只会显示一次，要注意保存，后面在 PicGo 中会用到。**如果忘记也可以删除重新生成。\n\n![image-20210208132211648](https://gitee.com/tigeedev/blog-image/raw/master/img/20210208153055.png)\n\n\n\n# 四、安装配置 PicGo\n\n## 4.1 安装图床插件\n\n由于 PicGo 本体并不支持 Gitee 图床，所以需要通过第三方图床插件来实现。找到 **gitee-uploader** 插件，安装成功图床中便会出现 gitee 一栏\n\n注意：电脑中必须先安装 [node.js](https://nodejs.org/en/) 才能安装插件，安装完重启即可\n\n![image-20210208133129721](https://gitee.com/tigeedev/blog-image/raw/master/img/20210208153146.png)\n\n\n\n## 4.2 配置 gitee 图床\n\n- repo：用户名/仓库名称，比如我自己的仓库 tigeedev/blog-Image\n- branch：分支，填 master\n- token：填入前面码云的私人令牌，搞丢了可以重新生成\n- path：路径，一般写上 img\n- customPath：这一项和下一项都不用填\n\n然后点击确定，并设为默认图床\n\n![image-20210208134202618](https://gitee.com/tigeedev/blog-image/raw/master/img/20210208153201.png)\n\n\n\n## 4.3 激活PicGo-Server\n\n2.2 版本之后，PicGo内部会默认开启一个小型的服务器，用于配合其他应用来调用PicGo进行上传。\n\n打开 PicGo 设置页面，点击 \"设置 Server\" ，参考下图进行设置即可。\n\n![image-20210208140449603](https://gitee.com/tigeedev/blog-image/raw/master/img/20210208153252.png)\n\n\n\n到这一步，已经可以在 PicGo 中上传图片了。上传成功 PicGo 会有提示，也可以在 Gitee 仓库中查看\n\n\n\n# 五、配置 Typora\n\n用 Typora 写作时，如果插入的图片能直接上传到 Gitee 岂不是很方便？所以在 **Typora 0.9.84 及以上版本**已经支持了 PicGo\n\n点击 **文件--偏好设置--图像**，插入图片时选择 \"上传图片\" ，然后下面选择本地 PicGo 的路径即可\n\n![image-20210208143016808](https://gitee.com/tigeedev/blog-image/raw/master/img/20210208153236.png)\n\n\n\n**验证图片上传**\n\n点击 \"验证图片上传\" ，验证成功会返回如下结果。\n\n![image-20210208143304889](https://gitee.com/tigeedev/blog-image/raw/master/img/20210208153315.png)\n\n至此已经全部设置完成，以后在 Typora 中插入图片时，就可以自动上传到对应图床啦！\n\n\n\n# 六、管理图片\n\n**所有上传的图片都可以在 Gitee 仓库中查看， 也可以在 PicGo 的相册中进行管理**\n\n不过可能是插件的原因，对相册中的图片进行的操作都会同步到 Gitee。也就是说**在相册中删除图片时，Gitee中的图片也会同步删除**，所以一定注意不要误删。\n\n![image-20210208135110662](https://gitee.com/tigeedev/blog-image/raw/master/img/20210208221228.png)","slug":"Typora+PicGo+Gitee使用笔记","published":1,"updated":"2021-02-16T09:34:35.700Z","comments":1,"layout":"post","photos":[],"link":"","_id":"cklaj5dj90002uoub8gw77yp2","content":"<h1 id=\"一、前言\"><a href=\"#一、前言\" class=\"headerlink\" title=\"一、前言\"></a>一、前言</h1><p>之前我的写作方案一直是：<strong>Typora + OneDrive</strong> 。因为这样所有操作都可以在本地进行，没有上传图片的烦恼</p>\n<p>但是在博客写作中想要插入一些图片时，就需要将图片上传至图床生成 URL。网上一番探索后，最终挑选出以下几种方案：</p>\n<ol>\n<li>阿里云对象存储 <a href=\"https://help.aliyun.com/product/31815.html\">OSS</a>（一年9块）</li>\n<li>Github图床 + <a href=\"https://www.jsdelivr.com/\">jsdelivr</a> 的 CDN 加速。参考文章：<a href=\"http://www.itrhx.com/2019/08/01/A27-image-hosting/\">Github+jsDelivr+PicGo 打造稳定快速、高效免费图床</a></li>\n<li>Gtiee图床（码云）</li>\n</ol>\n<p>所以目前我也有了一套比较满意的写作方案： <strong>Typora+ PicGo + Gitee</strong>  。使用Typora编写markdown笔记，Gitee作为图床，PicGo用于自动上传图片。完美~</p>\n<p>配置过程顺便做了笔记，留作以后参考。</p>\n<h1 id=\"二、本文工具介绍\"><a href=\"#二、本文工具介绍\" class=\"headerlink\" title=\"二、本文工具介绍\"></a>二、本文工具介绍</h1><ol>\n<li><a href=\"https://gitee.com/\">Gitee</a> ：国内版的Github，功能跟Github基本一样，而且在国内访问非常快，用作图床再合适不过</li>\n<li><a href=\"https://picgo.github.io/PicGo-Doc/\">PicGo</a> ：一个用于快速上传图片并获取图片 URL 链接的工具，可以关联 Gitee 仓库，上传图片非常方便</li>\n<li><a href=\"https://www.typora.io/\">Typora</a> ：一款优雅的markdown编辑器，所见即所得的方式让人爱不释手。新版的Typora已经支持PicGo ，写作过程中插入图片便可直接上传至 Gitee</li>\n</ol>\n<p>Markdown 是一种轻量级标记语言，Github中的帮助文档也是统一使用 Markdown 编写。语法十分简单，十分钟便可入门。推荐学习教程：<a href=\"https://www.jianshu.com/p/q81RER\">献给写作者的 Markdown 新手指南</a></p>\n<h1 id=\"三、配置-Gitee\"><a href=\"#三、配置-Gitee\" class=\"headerlink\" title=\"三、配置 Gitee\"></a>三、配置 Gitee</h1><h2 id=\"3-1-新建仓库\"><a href=\"#3-1-新建仓库\" class=\"headerlink\" title=\"3.1 新建仓库\"></a>3.1 新建仓库</h2><p>登录 gitee ，点击右上角的 + 号，新建仓库</p>\n<img src=\"https://gitee.com/tigeedev/blog-image/raw/master/img/20210208122810.png\" alt=\"image-20210208122809749\" style=\"zoom:80%;\" />\n\n\n\n\n\n<h2 id=\"3-2-新建仓库基本配置\"><a href=\"#3-2-新建仓库基本配置\" class=\"headerlink\" title=\"3.2 新建仓库基本配置\"></a>3.2 新建仓库基本配置</h2><p>输入仓库名称，选择公开仓库，勾选使用 Readme 文件初始化这个仓库，然后点击 “创建” 即可</p>\n<p><img src=\"https://gitee.com/tigeedev/blog-image/raw/master/img/20210208153031.png\" alt=\"image-20210208124231943\"></p>\n<h2 id=\"3-3-生成私人令牌（token）\"><a href=\"#3-3-生成私人令牌（token）\" class=\"headerlink\" title=\"3.3 生成私人令牌（token）\"></a>3.3 生成私人令牌（token）</h2><p>点击设置-私人令牌-生成新令牌。注意<strong>令牌只会显示一次，要注意保存，后面在 PicGo 中会用到。</strong>如果忘记也可以删除重新生成。</p>\n<p><img src=\"https://gitee.com/tigeedev/blog-image/raw/master/img/20210208153055.png\" alt=\"image-20210208132211648\"></p>\n<h1 id=\"四、安装配置-PicGo\"><a href=\"#四、安装配置-PicGo\" class=\"headerlink\" title=\"四、安装配置 PicGo\"></a>四、安装配置 PicGo</h1><h2 id=\"4-1-安装图床插件\"><a href=\"#4-1-安装图床插件\" class=\"headerlink\" title=\"4.1 安装图床插件\"></a>4.1 安装图床插件</h2><p>由于 PicGo 本体并不支持 Gitee 图床，所以需要通过第三方图床插件来实现。找到 <strong>gitee-uploader</strong> 插件，安装成功图床中便会出现 gitee 一栏</p>\n<p>注意：电脑中必须先安装 <a href=\"https://nodejs.org/en/\">node.js</a> 才能安装插件，安装完重启即可</p>\n<p><img src=\"https://gitee.com/tigeedev/blog-image/raw/master/img/20210208153146.png\" alt=\"image-20210208133129721\"></p>\n<h2 id=\"4-2-配置-gitee-图床\"><a href=\"#4-2-配置-gitee-图床\" class=\"headerlink\" title=\"4.2 配置 gitee 图床\"></a>4.2 配置 gitee 图床</h2><ul>\n<li>repo：用户名/仓库名称，比如我自己的仓库 tigeedev/blog-Image</li>\n<li>branch：分支，填 master</li>\n<li>token：填入前面码云的私人令牌，搞丢了可以重新生成</li>\n<li>path：路径，一般写上 img</li>\n<li>customPath：这一项和下一项都不用填</li>\n</ul>\n<p>然后点击确定，并设为默认图床</p>\n<p><img src=\"https://gitee.com/tigeedev/blog-image/raw/master/img/20210208153201.png\" alt=\"image-20210208134202618\"></p>\n<h2 id=\"4-3-激活PicGo-Server\"><a href=\"#4-3-激活PicGo-Server\" class=\"headerlink\" title=\"4.3 激活PicGo-Server\"></a>4.3 激活PicGo-Server</h2><p>2.2 版本之后，PicGo内部会默认开启一个小型的服务器，用于配合其他应用来调用PicGo进行上传。</p>\n<p>打开 PicGo 设置页面，点击 “设置 Server” ，参考下图进行设置即可。</p>\n<p><img src=\"https://gitee.com/tigeedev/blog-image/raw/master/img/20210208153252.png\" alt=\"image-20210208140449603\"></p>\n<p>到这一步，已经可以在 PicGo 中上传图片了。上传成功 PicGo 会有提示，也可以在 Gitee 仓库中查看</p>\n<h1 id=\"五、配置-Typora\"><a href=\"#五、配置-Typora\" class=\"headerlink\" title=\"五、配置 Typora\"></a>五、配置 Typora</h1><p>用 Typora 写作时，如果插入的图片能直接上传到 Gitee 岂不是很方便？所以在 <strong>Typora 0.9.84 及以上版本</strong>已经支持了 PicGo</p>\n<p>点击 <strong>文件–偏好设置–图像</strong>，插入图片时选择 “上传图片” ，然后下面选择本地 PicGo 的路径即可</p>\n<p><img src=\"https://gitee.com/tigeedev/blog-image/raw/master/img/20210208153236.png\" alt=\"image-20210208143016808\"></p>\n<p><strong>验证图片上传</strong></p>\n<p>点击 “验证图片上传” ，验证成功会返回如下结果。</p>\n<p><img src=\"https://gitee.com/tigeedev/blog-image/raw/master/img/20210208153315.png\" alt=\"image-20210208143304889\"></p>\n<p>至此已经全部设置完成，以后在 Typora 中插入图片时，就可以自动上传到对应图床啦！</p>\n<h1 id=\"六、管理图片\"><a href=\"#六、管理图片\" class=\"headerlink\" title=\"六、管理图片\"></a>六、管理图片</h1><p><strong>所有上传的图片都可以在 Gitee 仓库中查看， 也可以在 PicGo 的相册中进行管理</strong></p>\n<p>不过可能是插件的原因，对相册中的图片进行的操作都会同步到 Gitee。也就是说<strong>在相册中删除图片时，Gitee中的图片也会同步删除</strong>，所以一定注意不要误删。</p>\n<p><img src=\"https://gitee.com/tigeedev/blog-image/raw/master/img/20210208221228.png\" alt=\"image-20210208135110662\"></p>\n","site":{"data":{}},"excerpt":"","more":"<h1 id=\"一、前言\"><a href=\"#一、前言\" class=\"headerlink\" title=\"一、前言\"></a>一、前言</h1><p>之前我的写作方案一直是：<strong>Typora + OneDrive</strong> 。因为这样所有操作都可以在本地进行，没有上传图片的烦恼</p>\n<p>但是在博客写作中想要插入一些图片时，就需要将图片上传至图床生成 URL。网上一番探索后，最终挑选出以下几种方案：</p>\n<ol>\n<li>阿里云对象存储 <a href=\"https://help.aliyun.com/product/31815.html\">OSS</a>（一年9块）</li>\n<li>Github图床 + <a href=\"https://www.jsdelivr.com/\">jsdelivr</a> 的 CDN 加速。参考文章：<a href=\"http://www.itrhx.com/2019/08/01/A27-image-hosting/\">Github+jsDelivr+PicGo 打造稳定快速、高效免费图床</a></li>\n<li>Gtiee图床（码云）</li>\n</ol>\n<p>所以目前我也有了一套比较满意的写作方案： <strong>Typora+ PicGo + Gitee</strong>  。使用Typora编写markdown笔记，Gitee作为图床，PicGo用于自动上传图片。完美~</p>\n<p>配置过程顺便做了笔记，留作以后参考。</p>\n<h1 id=\"二、本文工具介绍\"><a href=\"#二、本文工具介绍\" class=\"headerlink\" title=\"二、本文工具介绍\"></a>二、本文工具介绍</h1><ol>\n<li><a href=\"https://gitee.com/\">Gitee</a> ：国内版的Github，功能跟Github基本一样，而且在国内访问非常快，用作图床再合适不过</li>\n<li><a href=\"https://picgo.github.io/PicGo-Doc/\">PicGo</a> ：一个用于快速上传图片并获取图片 URL 链接的工具，可以关联 Gitee 仓库，上传图片非常方便</li>\n<li><a href=\"https://www.typora.io/\">Typora</a> ：一款优雅的markdown编辑器，所见即所得的方式让人爱不释手。新版的Typora已经支持PicGo ，写作过程中插入图片便可直接上传至 Gitee</li>\n</ol>\n<p>Markdown 是一种轻量级标记语言，Github中的帮助文档也是统一使用 Markdown 编写。语法十分简单，十分钟便可入门。推荐学习教程：<a href=\"https://www.jianshu.com/p/q81RER\">献给写作者的 Markdown 新手指南</a></p>\n<h1 id=\"三、配置-Gitee\"><a href=\"#三、配置-Gitee\" class=\"headerlink\" title=\"三、配置 Gitee\"></a>三、配置 Gitee</h1><h2 id=\"3-1-新建仓库\"><a href=\"#3-1-新建仓库\" class=\"headerlink\" title=\"3.1 新建仓库\"></a>3.1 新建仓库</h2><p>登录 gitee ，点击右上角的 + 号，新建仓库</p>\n<img src=\"https://gitee.com/tigeedev/blog-image/raw/master/img/20210208122810.png\" alt=\"image-20210208122809749\" style=\"zoom:80%;\" />\n\n\n\n\n\n<h2 id=\"3-2-新建仓库基本配置\"><a href=\"#3-2-新建仓库基本配置\" class=\"headerlink\" title=\"3.2 新建仓库基本配置\"></a>3.2 新建仓库基本配置</h2><p>输入仓库名称，选择公开仓库，勾选使用 Readme 文件初始化这个仓库，然后点击 “创建” 即可</p>\n<p><img src=\"https://gitee.com/tigeedev/blog-image/raw/master/img/20210208153031.png\" alt=\"image-20210208124231943\"></p>\n<h2 id=\"3-3-生成私人令牌（token）\"><a href=\"#3-3-生成私人令牌（token）\" class=\"headerlink\" title=\"3.3 生成私人令牌（token）\"></a>3.3 生成私人令牌（token）</h2><p>点击设置-私人令牌-生成新令牌。注意<strong>令牌只会显示一次，要注意保存，后面在 PicGo 中会用到。</strong>如果忘记也可以删除重新生成。</p>\n<p><img src=\"https://gitee.com/tigeedev/blog-image/raw/master/img/20210208153055.png\" alt=\"image-20210208132211648\"></p>\n<h1 id=\"四、安装配置-PicGo\"><a href=\"#四、安装配置-PicGo\" class=\"headerlink\" title=\"四、安装配置 PicGo\"></a>四、安装配置 PicGo</h1><h2 id=\"4-1-安装图床插件\"><a href=\"#4-1-安装图床插件\" class=\"headerlink\" title=\"4.1 安装图床插件\"></a>4.1 安装图床插件</h2><p>由于 PicGo 本体并不支持 Gitee 图床，所以需要通过第三方图床插件来实现。找到 <strong>gitee-uploader</strong> 插件，安装成功图床中便会出现 gitee 一栏</p>\n<p>注意：电脑中必须先安装 <a href=\"https://nodejs.org/en/\">node.js</a> 才能安装插件，安装完重启即可</p>\n<p><img src=\"https://gitee.com/tigeedev/blog-image/raw/master/img/20210208153146.png\" alt=\"image-20210208133129721\"></p>\n<h2 id=\"4-2-配置-gitee-图床\"><a href=\"#4-2-配置-gitee-图床\" class=\"headerlink\" title=\"4.2 配置 gitee 图床\"></a>4.2 配置 gitee 图床</h2><ul>\n<li>repo：用户名/仓库名称，比如我自己的仓库 tigeedev/blog-Image</li>\n<li>branch：分支，填 master</li>\n<li>token：填入前面码云的私人令牌，搞丢了可以重新生成</li>\n<li>path：路径，一般写上 img</li>\n<li>customPath：这一项和下一项都不用填</li>\n</ul>\n<p>然后点击确定，并设为默认图床</p>\n<p><img src=\"https://gitee.com/tigeedev/blog-image/raw/master/img/20210208153201.png\" alt=\"image-20210208134202618\"></p>\n<h2 id=\"4-3-激活PicGo-Server\"><a href=\"#4-3-激活PicGo-Server\" class=\"headerlink\" title=\"4.3 激活PicGo-Server\"></a>4.3 激活PicGo-Server</h2><p>2.2 版本之后，PicGo内部会默认开启一个小型的服务器，用于配合其他应用来调用PicGo进行上传。</p>\n<p>打开 PicGo 设置页面，点击 “设置 Server” ，参考下图进行设置即可。</p>\n<p><img src=\"https://gitee.com/tigeedev/blog-image/raw/master/img/20210208153252.png\" alt=\"image-20210208140449603\"></p>\n<p>到这一步，已经可以在 PicGo 中上传图片了。上传成功 PicGo 会有提示，也可以在 Gitee 仓库中查看</p>\n<h1 id=\"五、配置-Typora\"><a href=\"#五、配置-Typora\" class=\"headerlink\" title=\"五、配置 Typora\"></a>五、配置 Typora</h1><p>用 Typora 写作时，如果插入的图片能直接上传到 Gitee 岂不是很方便？所以在 <strong>Typora 0.9.84 及以上版本</strong>已经支持了 PicGo</p>\n<p>点击 <strong>文件–偏好设置–图像</strong>，插入图片时选择 “上传图片” ，然后下面选择本地 PicGo 的路径即可</p>\n<p><img src=\"https://gitee.com/tigeedev/blog-image/raw/master/img/20210208153236.png\" alt=\"image-20210208143016808\"></p>\n<p><strong>验证图片上传</strong></p>\n<p>点击 “验证图片上传” ，验证成功会返回如下结果。</p>\n<p><img src=\"https://gitee.com/tigeedev/blog-image/raw/master/img/20210208153315.png\" alt=\"image-20210208143304889\"></p>\n<p>至此已经全部设置完成，以后在 Typora 中插入图片时，就可以自动上传到对应图床啦！</p>\n<h1 id=\"六、管理图片\"><a href=\"#六、管理图片\" class=\"headerlink\" title=\"六、管理图片\"></a>六、管理图片</h1><p><strong>所有上传的图片都可以在 Gitee 仓库中查看， 也可以在 PicGo 的相册中进行管理</strong></p>\n<p>不过可能是插件的原因，对相册中的图片进行的操作都会同步到 Gitee。也就是说<strong>在相册中删除图片时，Gitee中的图片也会同步删除</strong>，所以一定注意不要误删。</p>\n<p><img src=\"https://gitee.com/tigeedev/blog-image/raw/master/img/20210208221228.png\" alt=\"image-20210208135110662\"></p>\n"},{"title":"博客如何发布文章？","date":"2021-02-08T06:56:28.000Z","img":"https://gitee.com/tigeedev/blog-image/raw/master/img/20210208173741.png","_content":"\n# 一、前言\n\n发布文章前需要在本地搭建各种环境，比如：git、node.js 等。具体可以参考 [Hexo使用笔记](https://luhuban.github.io/2021/01/26/Hexo%E4%BD%BF%E7%94%A8%E7%AC%94%E8%AE%B0/)\n\n# 二、自动生成文章\n\n```yml\n$ hexo new 第二篇文章\n```\n\n![image-20210204221929370](https://gitee.com/tigeedev/blog-image/raw/master/img/20210208150345.png)\n\n\n\n# 三、编辑文章\n\n输入命令后会在 **D:\\Workspace\\hexo\\source\\_posts** 目录下生成 `.md` 文件，可以打开直接编辑\n\n而且可以在`scaffolds`目录下的`post.md`中修改新增文章 Front-matter 模板，这样下次自动生成的新文章就可以直接使用\n\n![image-20210204224009047](https://gitee.com/tigeedev/blog-image/raw/master/img/20210208145801.png)\n\n![image-20210204224504848](https://gitee.com/tigeedev/blog-image/raw/master/img/20210208150417.png)\n\n\n\n## 3.1 补充\n\n**Hexo标签和分类方法的分歧**\n\n> 只有文章支持分类和标签，可以在 Front-matter 中设置。在其他系统中，分类和标签听起来很接近，但是在 Hexo 中两者有着明显的差别：分类具有顺序性和层次性，也就是说  `Foo, Bar` 不等于 `Bar, Foo`；而标签没有顺序和层次。\n\nWordPress支持对一篇文章设置多个分类，而且这些分类可以是同级的，也可以是父子分类。但是Hexo不支持指定多个同级分类。下面的指定方法：\n\n``` bash\ncategories:\n- Diary\n- Life\n```\n\n**会使分类Life成为Diary的子分类，而不是并列分类。**因此，为了保证文章分类的准确，尽可能只留一个分类\n\n![image-20210204230123711](https://gitee.com/tigeedev/blog-image/raw/master/img/20210208150453.png)\n\n\n\n# 四、编辑完成发布即可\n\n博客发布文章：`hexo d`\n\n图中操作为开启本地预览：`hexo s`\n\n![image-20210204222711864](https://gitee.com/tigeedev/blog-image/raw/master/img/20210208150527.png)\n","source":"_posts/博客如何发布文章？.md","raw":"---\ntitle: 博客如何发布文章？\ncategories:\n  - 充电学习\ntags:\n  - 博客搭建\ndate: 2021-02-08 14:56:28\nimg: https://gitee.com/tigeedev/blog-image/raw/master/img/20210208173741.png\n---\n\n# 一、前言\n\n发布文章前需要在本地搭建各种环境，比如：git、node.js 等。具体可以参考 [Hexo使用笔记](https://luhuban.github.io/2021/01/26/Hexo%E4%BD%BF%E7%94%A8%E7%AC%94%E8%AE%B0/)\n\n# 二、自动生成文章\n\n```yml\n$ hexo new 第二篇文章\n```\n\n![image-20210204221929370](https://gitee.com/tigeedev/blog-image/raw/master/img/20210208150345.png)\n\n\n\n# 三、编辑文章\n\n输入命令后会在 **D:\\Workspace\\hexo\\source\\_posts** 目录下生成 `.md` 文件，可以打开直接编辑\n\n而且可以在`scaffolds`目录下的`post.md`中修改新增文章 Front-matter 模板，这样下次自动生成的新文章就可以直接使用\n\n![image-20210204224009047](https://gitee.com/tigeedev/blog-image/raw/master/img/20210208145801.png)\n\n![image-20210204224504848](https://gitee.com/tigeedev/blog-image/raw/master/img/20210208150417.png)\n\n\n\n## 3.1 补充\n\n**Hexo标签和分类方法的分歧**\n\n> 只有文章支持分类和标签，可以在 Front-matter 中设置。在其他系统中，分类和标签听起来很接近，但是在 Hexo 中两者有着明显的差别：分类具有顺序性和层次性，也就是说  `Foo, Bar` 不等于 `Bar, Foo`；而标签没有顺序和层次。\n\nWordPress支持对一篇文章设置多个分类，而且这些分类可以是同级的，也可以是父子分类。但是Hexo不支持指定多个同级分类。下面的指定方法：\n\n``` bash\ncategories:\n- Diary\n- Life\n```\n\n**会使分类Life成为Diary的子分类，而不是并列分类。**因此，为了保证文章分类的准确，尽可能只留一个分类\n\n![image-20210204230123711](https://gitee.com/tigeedev/blog-image/raw/master/img/20210208150453.png)\n\n\n\n# 四、编辑完成发布即可\n\n博客发布文章：`hexo d`\n\n图中操作为开启本地预览：`hexo s`\n\n![image-20210204222711864](https://gitee.com/tigeedev/blog-image/raw/master/img/20210208150527.png)\n","slug":"博客如何发布文章？","published":1,"updated":"2021-02-08T14:19:29.068Z","comments":1,"layout":"post","photos":[],"link":"","_id":"cklaj5djd0005uoub8xgfb4bj","content":"<h1 id=\"一、前言\"><a href=\"#一、前言\" class=\"headerlink\" title=\"一、前言\"></a>一、前言</h1><p>发布文章前需要在本地搭建各种环境，比如：git、node.js 等。具体可以参考 <a href=\"https://luhuban.github.io/2021/01/26/Hexo%E4%BD%BF%E7%94%A8%E7%AC%94%E8%AE%B0/\">Hexo使用笔记</a></p>\n<h1 id=\"二、自动生成文章\"><a href=\"#二、自动生成文章\" class=\"headerlink\" title=\"二、自动生成文章\"></a>二、自动生成文章</h1><figure class=\"highlight yml\"><table><tr><td class=\"gutter\"><pre><span class=\"line\">1</span><br></pre></td><td class=\"code\"><pre><span class=\"line\"><span class=\"string\">$</span> <span class=\"string\">hexo</span> <span class=\"string\">new</span> <span class=\"string\">第二篇文章</span></span><br></pre></td></tr></table></figure>\n<p><img src=\"https://gitee.com/tigeedev/blog-image/raw/master/img/20210208150345.png\" alt=\"image-20210204221929370\"></p>\n<h1 id=\"三、编辑文章\"><a href=\"#三、编辑文章\" class=\"headerlink\" title=\"三、编辑文章\"></a>三、编辑文章</h1><p>输入命令后会在 <strong>D:\\Workspace\\hexo\\source_posts</strong> 目录下生成 <code>.md</code> 文件，可以打开直接编辑</p>\n<p>而且可以在<code>scaffolds</code>目录下的<code>post.md</code>中修改新增文章 Front-matter 模板，这样下次自动生成的新文章就可以直接使用</p>\n<p><img src=\"https://gitee.com/tigeedev/blog-image/raw/master/img/20210208145801.png\" alt=\"image-20210204224009047\"></p>\n<p><img src=\"https://gitee.com/tigeedev/blog-image/raw/master/img/20210208150417.png\" alt=\"image-20210204224504848\"></p>\n<h2 id=\"3-1-补充\"><a href=\"#3-1-补充\" class=\"headerlink\" title=\"3.1 补充\"></a>3.1 补充</h2><p><strong>Hexo标签和分类方法的分歧</strong></p>\n<blockquote>\n<p>只有文章支持分类和标签，可以在 Front-matter 中设置。在其他系统中，分类和标签听起来很接近，但是在 Hexo 中两者有着明显的差别：分类具有顺序性和层次性，也就是说  <code>Foo, Bar</code> 不等于 <code>Bar, Foo</code>；而标签没有顺序和层次。</p>\n</blockquote>\n<p>WordPress支持对一篇文章设置多个分类，而且这些分类可以是同级的，也可以是父子分类。但是Hexo不支持指定多个同级分类。下面的指定方法：</p>\n<figure class=\"highlight bash\"><table><tr><td class=\"gutter\"><pre><span class=\"line\">1</span><br><span class=\"line\">2</span><br><span class=\"line\">3</span><br></pre></td><td class=\"code\"><pre><span class=\"line\">categories:</span><br><span class=\"line\">- Diary</span><br><span class=\"line\">- Life</span><br></pre></td></tr></table></figure>\n<p><strong>会使分类Life成为Diary的子分类，而不是并列分类。</strong>因此，为了保证文章分类的准确，尽可能只留一个分类</p>\n<p><img src=\"https://gitee.com/tigeedev/blog-image/raw/master/img/20210208150453.png\" alt=\"image-20210204230123711\"></p>\n<h1 id=\"四、编辑完成发布即可\"><a href=\"#四、编辑完成发布即可\" class=\"headerlink\" title=\"四、编辑完成发布即可\"></a>四、编辑完成发布即可</h1><p>博客发布文章：<code>hexo d</code></p>\n<p>图中操作为开启本地预览：<code>hexo s</code></p>\n<p><img src=\"https://gitee.com/tigeedev/blog-image/raw/master/img/20210208150527.png\" alt=\"image-20210204222711864\"></p>\n","site":{"data":{}},"excerpt":"","more":"<h1 id=\"一、前言\"><a href=\"#一、前言\" class=\"headerlink\" title=\"一、前言\"></a>一、前言</h1><p>发布文章前需要在本地搭建各种环境，比如：git、node.js 等。具体可以参考 <a href=\"https://luhuban.github.io/2021/01/26/Hexo%E4%BD%BF%E7%94%A8%E7%AC%94%E8%AE%B0/\">Hexo使用笔记</a></p>\n<h1 id=\"二、自动生成文章\"><a href=\"#二、自动生成文章\" class=\"headerlink\" title=\"二、自动生成文章\"></a>二、自动生成文章</h1><figure class=\"highlight yml\"><table><tr><td class=\"gutter\"><pre><span class=\"line\">1</span><br></pre></td><td class=\"code\"><pre><span class=\"line\"><span class=\"string\">$</span> <span class=\"string\">hexo</span> <span class=\"string\">new</span> <span class=\"string\">第二篇文章</span></span><br></pre></td></tr></table></figure>\n<p><img src=\"https://gitee.com/tigeedev/blog-image/raw/master/img/20210208150345.png\" alt=\"image-20210204221929370\"></p>\n<h1 id=\"三、编辑文章\"><a href=\"#三、编辑文章\" class=\"headerlink\" title=\"三、编辑文章\"></a>三、编辑文章</h1><p>输入命令后会在 <strong>D:\\Workspace\\hexo\\source_posts</strong> 目录下生成 <code>.md</code> 文件，可以打开直接编辑</p>\n<p>而且可以在<code>scaffolds</code>目录下的<code>post.md</code>中修改新增文章 Front-matter 模板，这样下次自动生成的新文章就可以直接使用</p>\n<p><img src=\"https://gitee.com/tigeedev/blog-image/raw/master/img/20210208145801.png\" alt=\"image-20210204224009047\"></p>\n<p><img src=\"https://gitee.com/tigeedev/blog-image/raw/master/img/20210208150417.png\" alt=\"image-20210204224504848\"></p>\n<h2 id=\"3-1-补充\"><a href=\"#3-1-补充\" class=\"headerlink\" title=\"3.1 补充\"></a>3.1 补充</h2><p><strong>Hexo标签和分类方法的分歧</strong></p>\n<blockquote>\n<p>只有文章支持分类和标签，可以在 Front-matter 中设置。在其他系统中，分类和标签听起来很接近，但是在 Hexo 中两者有着明显的差别：分类具有顺序性和层次性，也就是说  <code>Foo, Bar</code> 不等于 <code>Bar, Foo</code>；而标签没有顺序和层次。</p>\n</blockquote>\n<p>WordPress支持对一篇文章设置多个分类，而且这些分类可以是同级的，也可以是父子分类。但是Hexo不支持指定多个同级分类。下面的指定方法：</p>\n<figure class=\"highlight bash\"><table><tr><td class=\"gutter\"><pre><span class=\"line\">1</span><br><span class=\"line\">2</span><br><span class=\"line\">3</span><br></pre></td><td class=\"code\"><pre><span class=\"line\">categories:</span><br><span class=\"line\">- Diary</span><br><span class=\"line\">- Life</span><br></pre></td></tr></table></figure>\n<p><strong>会使分类Life成为Diary的子分类，而不是并列分类。</strong>因此，为了保证文章分类的准确，尽可能只留一个分类</p>\n<p><img src=\"https://gitee.com/tigeedev/blog-image/raw/master/img/20210208150453.png\" alt=\"image-20210204230123711\"></p>\n<h1 id=\"四、编辑完成发布即可\"><a href=\"#四、编辑完成发布即可\" class=\"headerlink\" title=\"四、编辑完成发布即可\"></a>四、编辑完成发布即可</h1><p>博客发布文章：<code>hexo d</code></p>\n<p>图中操作为开启本地预览：<code>hexo s</code></p>\n<p><img src=\"https://gitee.com/tigeedev/blog-image/raw/master/img/20210208150527.png\" alt=\"image-20210204222711864\"></p>\n"}],"PostAsset":[],"PostCategory":[{"post_id":"cklaj5dj30000uoub5lsj2xq1","category_id":"cklaj5djb0003uoub45e003t2","_id":"cklaj5djh000auoubdji3c0s4"},{"post_id":"cklaj5dj90002uoub8gw77yp2","category_id":"cklaj5djb0003uoub45e003t2","_id":"cklaj5dji000cuoubeap40isd"},{"post_id":"cklaj5djd0005uoub8xgfb4bj","category_id":"cklaj5djb0003uoub45e003t2","_id":"cklaj5djj000fuoubajj57fbs"}],"PostTag":[{"post_id":"cklaj5dj30000uoub5lsj2xq1","tag_id":"cklaj5djd0004uoub7304hrie","_id":"cklaj5djg0008uoub5cf29onn"},{"post_id":"cklaj5dj90002uoub8gw77yp2","tag_id":"cklaj5djd0004uoub7304hrie","_id":"cklaj5djj000euoub3lw5bvbg"},{"post_id":"cklaj5dj90002uoub8gw77yp2","tag_id":"cklaj5djh000buoube1bk8htt","_id":"cklaj5djj000guoub6rcmaafd"},{"post_id":"cklaj5djd0005uoub8xgfb4bj","tag_id":"cklaj5djd0004uoub7304hrie","_id":"cklaj5djj000huoub13wy6c97"}],"Tag":[{"name":"博客搭建","_id":"cklaj5djd0004uoub7304hrie"},{"name":"图床","_id":"cklaj5djh000buoube1bk8htt"}]}}