{"meta":{"title":"Tigee's Blog","subtitle":"","description":"","author":"Tigee","url":"http://www.tigeedev.com"},"pages":[{"title":"about","date":"2021-01-26T08:55:30.000Z","updated":"2021-03-12T04:16:01.735Z","comments":true,"path":"about/index.html","permalink":"http://www.tigeedev.com/about/index.html","excerpt":"","text":"欢迎来到这里。 关于博客&emsp;&emsp;本站采用 Hexo 框架，使用 Snippet 主题，托管于GitHub（已迁移到阿里云）。 &emsp;&emsp;搭建过程参考了不少大佬的文章，会同步更新于Hexo使用笔记 ，方便日后参考查看"}],"posts":[{"title":"Nginx在同一个域名下配置多个项目","slug":"Nginx在同一个域名下配置多个项目","date":"2021-08-20T11:39:49.000Z","updated":"2021-08-20T11:58:38.679Z","comments":false,"path":"2021/08/20/Nginx在同一个域名下配置多个项目/","link":"","permalink":"http://www.tigeedev.com/2021/08/20/Nginx%E5%9C%A8%E5%90%8C%E4%B8%80%E4%B8%AA%E5%9F%9F%E5%90%8D%E4%B8%8B%E9%85%8D%E7%BD%AE%E5%A4%9A%E4%B8%AA%E9%A1%B9%E7%9B%AE/","excerpt":"","text":"前言服务器可以部署多个项目，在只有一个域名的情况下，可以给不同的项目分配不同的二级域名来进行访问。 配置过程1. 添加二级域名 添加A记录到主机 同一个域名可以解析出N个二级域名 2. 配置nginx nginx 中另添加一个 server 修改后重启nginx 先使用 nginx -t 测试语法是否正确 使用命令 nginx -s reload 重新加载配置文件 123456789101112131415161718192021222324252627282930313233# hexo博客#server &#123; listen 80; server_name www.tigeedev.com; location &#x2F; &#123; root &#x2F;var&#x2F;hexo; index index.html index.htm; &#125; #error_page 404 &#x2F;404.html; # redirect server error pages to the static page &#x2F;50x.html # error_page 500 502 503 504 &#x2F;50x.html; location &#x3D; &#x2F;50x.html &#123; root html; &#125;&#125;# 商城项目#server &#123; listen 80; server_name shop.tigeedev.com; location &#x2F; &#123; root &#x2F;var&#x2F;mall; index index.html index.htm; try_files $uri $uri&#x2F; &#x2F;index.html; #使用history模式进行路由 &#125;&#125; 参考文章 Nginx同一个域名配置多个项目","categories":[{"name":"充电学习","slug":"充电学习","permalink":"http://www.tigeedev.com/categories/%E5%85%85%E7%94%B5%E5%AD%A6%E4%B9%A0/"}],"tags":[{"name":"服务器","slug":"服务器","permalink":"http://www.tigeedev.com/tags/%E6%9C%8D%E5%8A%A1%E5%99%A8/"},{"name":"nginx","slug":"nginx","permalink":"http://www.tigeedev.com/tags/nginx/"}],"keywords":[{"name":"充电学习","slug":"充电学习","permalink":"http://www.tigeedev.com/categories/%E5%85%85%E7%94%B5%E5%AD%A6%E4%B9%A0/"}]},{"title":"2021","slug":"2021","date":"2021-03-11T12:56:49.000Z","updated":"2021-08-20T11:56:29.791Z","comments":true,"path":"2021/03/11/2021/","link":"","permalink":"http://www.tigeedev.com/2021/03/11/2021/","excerpt":"","text":"","categories":[{"name":"随笔","slug":"随笔","permalink":"http://www.tigeedev.com/categories/%E9%9A%8F%E7%AC%94/"}],"tags":[{"name":"ssh","slug":"ssh","permalink":"http://www.tigeedev.com/tags/ssh/"}],"keywords":[{"name":"随笔","slug":"随笔","permalink":"http://www.tigeedev.com/categories/%E9%9A%8F%E7%AC%94/"}]},{"title":"SSH 无法连接 CentOS","slug":"SSH 无法连接 CentOS","date":"2021-03-11T12:56:49.000Z","updated":"2021-08-20T11:53:15.784Z","comments":true,"path":"2021/03/11/SSH 无法连接 CentOS/","link":"","permalink":"http://www.tigeedev.com/2021/03/11/SSH%20%E6%97%A0%E6%B3%95%E8%BF%9E%E6%8E%A5%20CentOS/","excerpt":"","text":"问题描述服务器是阿里云，CentOS 7.3 今天刚完成备案，刚想接着折腾，结果发现 ssh 远程连接一直提示 Connection timed out（ping没问题） 日志详情 1234567$ ssh -v git@公网 IPOpenSSH_8.4p1, OpenSSL 1.1.1i 8 Dec 2020debug1: Reading configuration data &#x2F;etc&#x2F;ssh&#x2F;ssh_configdebug1: Connecting to IP [IP] port 22.debug1: connect to address IP port 22: Connection timed outssh: connect to host IP port 22: Connection timed out 端口情况 123456# sudo netstat -plntActive Internet connections (only servers)Proto Recv-Q Send-Q Local Address Foreign Address State PID&#x2F;Program name tcp 0 0 0.0.0.0:80 0.0.0.0:* LISTEN 2334&#x2F;nginx: master tcp 0 0 0.0.0.0:22 0.0.0.0:* LISTEN 2055&#x2F;sshd 解决方法连接不上可能是由于网络环境导致。之前 SSH 一直都正常连接，到学校才发现会 time out。所以校园网很可能是那个罪魁祸首 … 果不其然，用手机的 4G 开个热点就可以正常连接了。一点小问题折腾了一下午…草（一种植物） 参考链接 Linux Ubuntu 无法连接 ssh connect to host port 22: Connection timed out 校园网手机ssh连接vm虚拟机linux教程","categories":[{"name":"充电学习","slug":"充电学习","permalink":"http://www.tigeedev.com/categories/%E5%85%85%E7%94%B5%E5%AD%A6%E4%B9%A0/"}],"tags":[{"name":"ssh","slug":"ssh","permalink":"http://www.tigeedev.com/tags/ssh/"}],"keywords":[{"name":"充电学习","slug":"充电学习","permalink":"http://www.tigeedev.com/categories/%E5%85%85%E7%94%B5%E5%AD%A6%E4%B9%A0/"}]},{"title":"Typora+PicGo+Gitee使用笔记","slug":"Typora+PicGo+Gitee使用笔记","date":"2021-02-08T06:57:01.000Z","updated":"2021-08-20T11:53:30.499Z","comments":true,"path":"2021/02/08/Typora+PicGo+Gitee使用笔记/","link":"","permalink":"http://www.tigeedev.com/2021/02/08/Typora+PicGo+Gitee%E4%BD%BF%E7%94%A8%E7%AC%94%E8%AE%B0/","excerpt":"","text":"一、前言之前我的写作方案一直是：Typora + OneDrive 。因为这样所有操作都可以在本地进行，没有上传图片的烦恼 但是在博客写作中想要插入一些图片时，就需要将图片上传至图床生成 URL。网上一番探索后，最终挑选出以下几种方案： 阿里云对象存储 OSS（一年9块） Github图床 + jsdelivr 的 CDN 加速。参考文章：Github+jsDelivr+PicGo 打造稳定快速、高效免费图床 Gtiee图床（码云） 所以目前我也有了一套比较满意的写作方案： Typora+ PicGo + Gitee 。使用Typora编写markdown笔记，Gitee作为图床，PicGo用于自动上传图片。完美~ 配置过程顺便做了笔记，留作以后参考。 二、本文工具介绍 Gitee ：国内版的Github，功能跟Github基本一样，而且在国内访问非常快，用作图床再合适不过 PicGo ：一个用于快速上传图片并获取图片 URL 链接的工具，可以关联 Gitee 仓库，上传图片非常方便 Typora ：一款优雅的markdown编辑器，所见即所得的方式让人爱不释手。新版的Typora已经支持PicGo ，写作过程中插入图片便可直接上传至 Gitee Markdown 是一种轻量级标记语言，Github中的帮助文档也是统一使用 Markdown 编写。语法十分简单，十分钟便可入门。推荐学习教程：献给写作者的 Markdown 新手指南 三、配置 Gitee3.1 新建仓库登录 gitee ，点击右上角的 + 号，新建仓库 3.2 新建仓库基本配置输入仓库名称，选择公开仓库，勾选使用 Readme 文件初始化这个仓库，然后点击 “创建” 即可 3.3 生成私人令牌（token）点击设置-私人令牌-生成新令牌。注意令牌只会显示一次，要注意保存，后面在 PicGo 中会用到。如果忘记也可以删除重新生成。 四、安装配置 PicGo4.1 安装图床插件由于 PicGo 本体并不支持 Gitee 图床，所以需要通过第三方图床插件来实现。找到 gitee-uploader 插件，安装成功图床中便会出现 gitee 一栏 注意：电脑中必须先安装 node.js 才能安装插件，安装完重启即可 4.2 配置 gitee 图床 repo：用户名/仓库名称，比如我自己的仓库 tigeedev/blog-Image branch：分支，填 master token：填入前面码云的私人令牌，搞丢了可以重新生成 path：路径，一般写上 img customPath：这一项和下一项都不用填 然后点击确定，并设为默认图床 4.3 激活PicGo-Server2.2 版本之后，PicGo内部会默认开启一个小型的服务器，用于配合其他应用来调用PicGo进行上传。 打开 PicGo 设置页面，点击 “设置 Server” ，参考下图进行设置即可。 到这一步，已经可以在 PicGo 中上传图片了。上传成功 PicGo 会有提示，也可以在 Gitee 仓库中查看 五、配置 Typora用 Typora 写作时，如果插入的图片能直接上传到 Gitee 岂不是很方便？所以在 Typora 0.9.84 及以上版本已经支持了 PicGo 点击 文件–偏好设置–图像，插入图片时选择 “上传图片” ，然后下面选择本地 PicGo 的路径即可 验证图片上传 点击 “验证图片上传” ，验证成功会返回如下结果。 至此已经全部设置完成，以后在 Typora 中插入图片时，就可以自动上传到对应图床啦！ 六、管理图片所有上传的图片都可以在 Gitee 仓库中查看， 也可以在 PicGo 的相册中进行管理 不过可能是插件的原因，对相册中的图片进行的操作都会同步到 Gitee。也就是说在相册中删除图片时，Gitee中的图片也会同步删除，所以一定注意不要误删。","categories":[{"name":"充电学习","slug":"充电学习","permalink":"http://www.tigeedev.com/categories/%E5%85%85%E7%94%B5%E5%AD%A6%E4%B9%A0/"}],"tags":[{"name":"Hexo","slug":"Hexo","permalink":"http://www.tigeedev.com/tags/Hexo/"},{"name":"图床","slug":"图床","permalink":"http://www.tigeedev.com/tags/%E5%9B%BE%E5%BA%8A/"}],"keywords":[{"name":"充电学习","slug":"充电学习","permalink":"http://www.tigeedev.com/categories/%E5%85%85%E7%94%B5%E5%AD%A6%E4%B9%A0/"}]},{"title":"Hexo 博客的常用配置","slug":"Hexo常用配置","date":"2021-02-08T06:56:28.000Z","updated":"2021-08-20T11:52:35.007Z","comments":true,"path":"2021/02/08/Hexo常用配置/","link":"","permalink":"http://www.tigeedev.com/2021/02/08/Hexo%E5%B8%B8%E7%94%A8%E9%85%8D%E7%BD%AE/","excerpt":"","text":"一、hexo常见命令1.1 新建文章输入以下命令后会在 hexo\\source\\_posts 目录下生成 .md 文件，打开即可直接编辑。当执行 hexo generate 命令时，文章会被编译到 public 目录下，生成静态页面 新建文章 1$ hexo new &quot;postName&quot; 本地预览 12hexo clean #清除缓存hexo s -g #生成静态页面并本地预览 1.2 文章发布写完文章，并进行本地预览后，就可以将文章发布到服务器端了 每次部署的三个步骤： 123hexo cleanhexo generatehexo deploy 命令简写： 12hexo clean #清除缓存hexo d -g #生成并上传 1.3 其他常用命令1234567hexo new &quot;postName&quot; #新建文章hexo new page &quot;pageName&quot; #新建页面hexo generate #生成静态页面至public目录hexo server #启动本地预览hexo deploy #将目录部署到服务器hexo help # 查看帮助 hexo version #查看Hexo的版本 二、hexo 文章格式 文章格式可以让文章的信息更完整 2.1 hexo 文章常用格式1234567891011---title: 文章标题categories: - 文章分类(添加一个即可)tags: - 标签1 - 标签2comments: falsedate: 2021-02-08 14:56:28img:--- 2.2 hexo 文章模板的自定义每次使用 hexo new &quot;postName&quot; 新建一篇文章时，默认只有title、date、tags这几个属性。 我们可以修改 hexo\\scaffolds\\post.md 文件，自定义文章格式的模板，修改后的内容如下： 12345678--- title: &#123;&#123; title &#125;&#125; date: &#123;&#123; date &#125;&#125; categories: [&#x27;分类1&#x27;,&#x27;分类2&#x27;] tags: [&#x27;标签1&#x27;,&#x27;标签2&#x27;] comments: false img:--- 参考文章：hexo 博客的常见配置","categories":[{"name":"充电学习","slug":"充电学习","permalink":"http://www.tigeedev.com/categories/%E5%85%85%E7%94%B5%E5%AD%A6%E4%B9%A0/"}],"tags":[{"name":"Hexo","slug":"Hexo","permalink":"http://www.tigeedev.com/tags/Hexo/"}],"keywords":[{"name":"充电学习","slug":"充电学习","permalink":"http://www.tigeedev.com/categories/%E5%85%85%E7%94%B5%E5%AD%A6%E4%B9%A0/"}]},{"title":"Hexo使用笔记","slug":"Hexo使用笔记","date":"2021-01-26T08:28:01.000Z","updated":"2021-08-20T11:52:48.161Z","comments":true,"path":"2021/01/26/Hexo使用笔记/","link":"","permalink":"http://www.tigeedev.com/2021/01/26/Hexo%E4%BD%BF%E7%94%A8%E7%AC%94%E8%AE%B0/","excerpt":"","text":"【00】前言折腾 Hexo 时遇到过不少坑，过程中遇到比较好的文章会在这篇罗列出来，方便以后查看 【01】Hexo搭建指南博客刚开始托管在 Github 和 Coding，折腾了一段时间感觉体验不是很好（速度不够快，而且不能被百度收录），于是又把博客迁移到阿里云轻量应用服务器，学生价还不到一百，美滋滋 :) 教程如下： 使用hexo+github搭建免费个人博客详细教程 使用 Github Pages 和 Hexo 搭建自己的独立博客 hexo+阿里云搭建博客网站（推荐） 将Hexo部署到阿里云轻量服务器 【02】Markdown语法教程教程： 献给写作者的 Markdown 新手指南 【03】Hexo博客优化教程： Hexo 博客主题个性化 Hexo 搭建个人博客系列：主题美化篇 Hexo 博客提交百度、谷歌搜索引擎收录 【04】图床Typora+PicGo+Gitee使用笔记 Typora + OSS 图床详解（小白都能学得会） 阿里云OSS PicGo 配置图床教程 超详细 【05】博客评论博客使用的是 Valine评论系统，主题已经自带稍微配置一下即可 配置过程网上有很多教程，也可参考这篇文章：Valine – 一款极简的评论系统","categories":[{"name":"充电学习","slug":"充电学习","permalink":"http://www.tigeedev.com/categories/%E5%85%85%E7%94%B5%E5%AD%A6%E4%B9%A0/"}],"tags":[{"name":"Hexo","slug":"Hexo","permalink":"http://www.tigeedev.com/tags/Hexo/"}],"keywords":[{"name":"充电学习","slug":"充电学习","permalink":"http://www.tigeedev.com/categories/%E5%85%85%E7%94%B5%E5%AD%A6%E4%B9%A0/"}]}]}