{"meta":{"version":1,"warehouse":"4.0.0"},"models":{"Asset":[{"_id":"source/README.md","path":"README.md","modified":1,"renderable":0},{"_id":"themes/hexo-theme-snippet/source/favicon.ico","path":"favicon.ico","modified":1,"renderable":1},{"_id":"themes/hexo-theme-snippet/source/assets/tagcanvas.min.js","path":"assets/tagcanvas.min.js","modified":1,"renderable":1},{"_id":"themes/hexo-theme-snippet/source/assets/highlight.pack.js","path":"assets/highlight.pack.js","modified":1,"renderable":1},{"_id":"themes/hexo-theme-snippet/source/assets/valine.min.js","path":"assets/valine.min.js","modified":1,"renderable":1},{"_id":"themes/hexo-theme-snippet/source/css/bootstrap.min.css","path":"css/bootstrap.min.css","modified":1,"renderable":1},{"_id":"themes/hexo-theme-snippet/source/css/font-awesome.min.css","path":"css/font-awesome.min.css","modified":1,"renderable":1},{"_id":"themes/hexo-theme-snippet/source/css/style.css","path":"css/style.css","modified":1,"renderable":1},{"_id":"themes/hexo-theme-snippet/source/fonts/FontAwesome.otf","path":"fonts/FontAwesome.otf","modified":1,"renderable":1},{"_id":"themes/hexo-theme-snippet/source/fonts/fontawesome-webfont.eot","path":"fonts/fontawesome-webfont.eot","modified":1,"renderable":1},{"_id":"themes/hexo-theme-snippet/source/fonts/fontawesome-webfont.svg","path":"fonts/fontawesome-webfont.svg","modified":1,"renderable":1},{"_id":"themes/hexo-theme-snippet/source/fonts/fontawesome-webfont.ttf","path":"fonts/fontawesome-webfont.ttf","modified":1,"renderable":1},{"_id":"themes/hexo-theme-snippet/source/fonts/fontawesome-webfont.woff","path":"fonts/fontawesome-webfont.woff","modified":1,"renderable":1},{"_id":"themes/hexo-theme-snippet/source/fonts/fontawesome-webfont.woff2","path":"fonts/fontawesome-webfont.woff2","modified":1,"renderable":1},{"_id":"themes/hexo-theme-snippet/source/img/avatar.jpg","path":"img/avatar.jpg","modified":1,"renderable":1},{"_id":"themes/hexo-theme-snippet/source/img/branding.png","path":"img/branding.png","modified":1,"renderable":1},{"_id":"themes/hexo-theme-snippet/source/img/head-img.jpg","path":"img/head-img.jpg","modified":1,"renderable":1},{"_id":"themes/hexo-theme-snippet/source/img/loading.gif","path":"img/loading.gif","modified":1,"renderable":1},{"_id":"themes/hexo-theme-snippet/source/img/head-img1.jpg","path":"img/head-img1.jpg","modified":1,"renderable":1},{"_id":"themes/hexo-theme-snippet/source/img/reward-wepay.jpg","path":"img/reward-wepay.jpg","modified":1,"renderable":1},{"_id":"themes/hexo-theme-snippet/source/img/timeline-clock.gif","path":"img/timeline-clock.gif","modified":1,"renderable":1},{"_id":"themes/hexo-theme-snippet/source/img/timeline.gif","path":"img/timeline.gif","modified":1,"renderable":1},{"_id":"themes/hexo-theme-snippet/source/img/timeline-dot.gif","path":"img/timeline-dot.gif","modified":1,"renderable":1},{"_id":"themes/hexo-theme-snippet/source/js/fireworks.js","path":"js/fireworks.js","modified":1,"renderable":1},{"_id":"themes/hexo-theme-snippet/source/js/app.js","path":"js/app.js","modified":1,"renderable":1},{"_id":"themes/hexo-theme-snippet/source/js/love.js","path":"js/love.js","modified":1,"renderable":1},{"_id":"themes/hexo-theme-snippet/source/js/search.js","path":"js/search.js","modified":1,"renderable":1},{"_id":"themes/hexo-theme-snippet/source/js/snow.js","path":"js/snow.js","modified":1,"renderable":1}],"Cache":[{"_id":"source/README.md","hash":"9c01f03a7aa1582ccab60816e6745c1aa123ffc2","modified":1613457286197},{"_id":"source/_posts/Hexo使用笔记.md","hash":"ac626f4923c92d25d8367db62116abae21b1d27b","modified":1616123995386},{"_id":"source/_posts/Hexo常用配置.md","hash":"20551e77834d8bd90a7159763fd18378c7ed4fca","modified":1616121937146},{"_id":"source/_posts/Nginx在同一个域名下配置多个项目.md","hash":"e4e5dcdae3a9c06d69d81af4ecf907d9700d5143","modified":1629459643536},{"_id":"source/_posts/SSH 无法连接 CentOS.md","hash":"114c15c9e8d146029cc0f2d7db4d425e29469ab8","modified":1615470044510},{"_id":"source/_posts/Typora+PicGo+Gitee使用笔记.md","hash":"13f6c49a4a7bcaca712b64952d46bad66bbabac8","modified":1613656072854},{"_id":"source/about/index.md","hash":"3a5eba7e5ffc6ba6fb8536329d25b719bd0ab873","modified":1615522561735},{"_id":"themes/hexo-theme-snippet/.gitignore","hash":"5636464498c54867468ad1459c76b960af9c275c","modified":1611647038611},{"_id":"themes/hexo-theme-snippet/.travis.yml","hash":"4deaa0954aa7b0f62628557cc7ba4bc2f6be73ac","modified":1611647038612},{"_id":"themes/hexo-theme-snippet/LICENSE","hash":"c976aafe3bc44246a978850b18102966afe3eeb5","modified":1611647038612},{"_id":"themes/hexo-theme-snippet/README.md","hash":"954fefefb977b294ba7dd9e97fcd99c52b1dd1e7","modified":1612449755328},{"_id":"themes/hexo-theme-snippet/_config.yml","hash":"c16180b5ef2a06df48ba92e4f7baa717bd30850d","modified":1629459296074},{"_id":"themes/hexo-theme-snippet/_travis.sh","hash":"030b5b59dc485b5fa7d155a1da30d9c5c4868f6b","modified":1611647038613},{"_id":"themes/hexo-theme-snippet/gulpfile.js","hash":"f65b7a3a948dc6d2c36259e7836542d82705b205","modified":1611647038614},{"_id":"themes/hexo-theme-snippet/package.json","hash":"6507f1b2b2f5fff7ecfe2ddf5b7886131377ef50","modified":1611647038629},{"_id":"themes/hexo-theme-snippet/.github/ISSUE_TEMPLATE.md","hash":"c32422877f786b7a1a35aa59fd9bcbc9c869b583","modified":1611647038611},{"_id":"themes/hexo-theme-snippet/languages/ja.yml","hash":"c9deaf06b0edffdcc12c3e48fa649bac094e3f8c","modified":1611647038614},{"_id":"themes/hexo-theme-snippet/languages/default.yml","hash":"61533eb5f4c3e75da584faa54758ad11af9050f7","modified":1611647038614},{"_id":"themes/hexo-theme-snippet/languages/zh-CN.yml","hash":"f64f65bb89dc7cc8e22a7323f5a36c2beb87a2d7","modified":1611647038614},{"_id":"themes/hexo-theme-snippet/languages/zh-TW.yml","hash":"e440a8a29dc4266d9ae06ed3601796f7ef3dddee","modified":1611647038615},{"_id":"themes/hexo-theme-snippet/layout/archive.ejs","hash":"dcf0a4d13e124f61920e92d5f73c3f0493c062eb","modified":1611647038627},{"_id":"themes/hexo-theme-snippet/layout/category.ejs","hash":"c97be36b33bb44957778587f00c978f2d28016f8","modified":1611647038628},{"_id":"themes/hexo-theme-snippet/layout/index.ejs","hash":"105a03a545aa7d9e0603a1d04713bcae8e572107","modified":1611647038628},{"_id":"themes/hexo-theme-snippet/layout/layout.ejs","hash":"ea2bb6edd08ad4eb7fcbf8e7e58f933d4fde28af","modified":1613563164482},{"_id":"themes/hexo-theme-snippet/layout/page.ejs","hash":"d9a84e5de6085ac0925d54e3ac0d7927c5ce27f7","modified":1611647038629},{"_id":"themes/hexo-theme-snippet/layout/post.ejs","hash":"17f94fd5a4ddcb033b7114920de7eaba1c623b67","modified":1611647038629},{"_id":"themes/hexo-theme-snippet/layout/tag.ejs","hash":"c97be36b33bb44957778587f00c978f2d28016f8","modified":1611647038629},{"_id":"themes/hexo-theme-snippet/scripts/helper.js","hash":"c4bf0462d7444b58e40baac50f6da42114782758","modified":1611647038630},{"_id":"themes/hexo-theme-snippet/scripts/process.js","hash":"a62a19ba1291e6d84999ce5e294a60fc3a4ebc46","modified":1611647038630},{"_id":"themes/hexo-theme-snippet/source/favicon.ico","hash":"2dd1e3816e5d9c7371333a7139d43ed17cb2ea00","modified":1612595158483},{"_id":"themes/hexo-theme-snippet/.github/ISSUE_TEMPLATE/feature_request.md","hash":"73a98280892b1a46317dad9721b6de5244ded398","modified":1611647038611},{"_id":"themes/hexo-theme-snippet/.github/ISSUE_TEMPLATE/bug_report.md","hash":"c30b145df577faed45a8b0f6da4aa8c3f06849dd","modified":1611647038611},{"_id":"themes/hexo-theme-snippet/layout/_partial/archive.ejs","hash":"18cd984a3f736daacd8024b21b6a9d189272155e","modified":1611647038617},{"_id":"themes/hexo-theme-snippet/layout/_partial/article-meta.ejs","hash":"47e39819428faae621734d4d827759cb4cc7c421","modified":1611647038617},{"_id":"themes/hexo-theme-snippet/layout/_partial/article.ejs","hash":"0c46f4477032f252e2cca2ca35ba0ce0075321e9","modified":1611647038618},{"_id":"themes/hexo-theme-snippet/layout/_partial/busuanzi.ejs","hash":"77a6230ac178d84b1d39cacec85edd466fbf35da","modified":1613574639548},{"_id":"themes/hexo-theme-snippet/layout/_partial/copyright - 副本.ejs","hash":"633e716f616b4c2a20a02716091246033507e84a","modified":1615476910711},{"_id":"themes/hexo-theme-snippet/layout/_partial/copyright.ejs","hash":"4f6986a89a562d7e5f962a65ff2df7853ca7ada0","modified":1615478424499},{"_id":"themes/hexo-theme-snippet/layout/_partial/footer.ejs","hash":"2203a4e953928a47dfa6c751d382ca2b7a2c61e0","modified":1613574533038},{"_id":"themes/hexo-theme-snippet/layout/_partial/gallery.ejs","hash":"f5289f3c7678deacd20172579bc555c53f64f31f","modified":1611647038619},{"_id":"themes/hexo-theme-snippet/layout/_partial/head.ejs","hash":"0989947615af26a82a2fe68d4bbdb62cf9d1a307","modified":1611647038619},{"_id":"themes/hexo-theme-snippet/layout/_partial/header.ejs","hash":"3b2121ba50d6d6062c4b3f7a30098e3a5fe9b98b","modified":1611647038619},{"_id":"themes/hexo-theme-snippet/layout/_partial/nav.ejs","hash":"64f72cfd58cc2efb531e2afc271f88f12e567ecf","modified":1611647038620},{"_id":"themes/hexo-theme-snippet/layout/_partial/pagination.ejs","hash":"abe72803801325d036dca8342e352ad2a358e4e3","modified":1611647038620},{"_id":"themes/hexo-theme-snippet/layout/_partial/reward.ejs","hash":"15fb7b5aaff434cf7db16742871016ece3e6d152","modified":1611647038620},{"_id":"themes/hexo-theme-snippet/layout/_partial/sidebar.ejs","hash":"aa149d9cc4a05447b03330b2ab2d9a7ebbc3a31b","modified":1611647038621},{"_id":"themes/hexo-theme-snippet/layout/_partial/script.ejs","hash":"e9d77511fca8cc7a4236e0675474eb4a28e40a8c","modified":1611647038620},{"_id":"themes/hexo-theme-snippet/layout/_partial/toc.ejs","hash":"d4fcdffd19820c8becf8e292c8cfae66efb93541","modified":1611647038621},{"_id":"themes/hexo-theme-snippet/layout/_vendor/baidu_sitemap.ejs","hash":"0c23db3dadb74669d04363fc6f18c6f76c0bc9c5","modified":1611647038623},{"_id":"themes/hexo-theme-snippet/layout/_widget/archive.ejs","hash":"8a54a852fe493babe755764ca1708279fa2c271f","modified":1611647038625},{"_id":"themes/hexo-theme-snippet/layout/_widget/category.ejs","hash":"26c8fcb20cad493e6a17cc6f4eec28fe0489cb9f","modified":1611647038626},{"_id":"themes/hexo-theme-snippet/layout/_widget/friends.ejs","hash":"9a31894d6b202be7c1b23c19b7c7b0b553773285","modified":1611647038626},{"_id":"themes/hexo-theme-snippet/layout/_widget/notification.ejs","hash":"1e77328d7052f4b841fb6f064b175f59ffe6fc00","modified":1611647038626},{"_id":"themes/hexo-theme-snippet/layout/_widget/search.ejs","hash":"1582212858af4333695a28784df6aa1d51acc025","modified":1611647038626},{"_id":"themes/hexo-theme-snippet/layout/_widget/social.ejs","hash":"ce6ac2c61e1c526814a4da74baa095577a7c323a","modified":1611647038626},{"_id":"themes/hexo-theme-snippet/layout/_widget/tagcloud.ejs","hash":"1cb757275d81f12b03a86cbd3d77f8f6b40e6e1b","modified":1611647038627},{"_id":"themes/hexo-theme-snippet/source/assets/tagcanvas.min.js","hash":"8102d7651a1f65b1bd8f8dd62f2d68cdd6b746dd","modified":1611647038632},{"_id":"themes/hexo-theme-snippet/source/assets/highlight.pack.js","hash":"b93558f0b97e233132a8ccf7f0275053f2df4628","modified":1611647038632},{"_id":"themes/hexo-theme-snippet/source/css/font-awesome.min.css","hash":"88af80502c44cd52ca81ffe7dc7276b7eccb06cf","modified":1611647038635},{"_id":"themes/hexo-theme-snippet/source/css/style.css","hash":"2b95afa6a29c9b2fafb2879f3a4163c698d60c43","modified":1613481157986},{"_id":"themes/hexo-theme-snippet/source/img/branding.png","hash":"18bee49d6a4c521ad230047c0b416245e009c2c9","modified":1611647038653},{"_id":"themes/hexo-theme-snippet/source/img/head-img.jpg","hash":"4f84663a74b358f23c9fdefebe6a96e33ad051cd","modified":1611659830990},{"_id":"themes/hexo-theme-snippet/source/img/head-img1.jpg","hash":"d703511857e7d55142a3d3fbe107d923cbd4adfc","modified":1613531010296},{"_id":"themes/hexo-theme-snippet/source/img/reward-wepay.jpg","hash":"2a56391f2b6282b49e724b72bf610b0dabf53742","modified":1611647038655},{"_id":"themes/hexo-theme-snippet/source/img/timeline-clock.gif","hash":"2bec1bf5efd948ab2e5942b6da8164faa41b62b2","modified":1611647038656},{"_id":"themes/hexo-theme-snippet/source/img/timeline.gif","hash":"b7c7aac44e618df19626d882dc46db48a4aa3673","modified":1611647038657},{"_id":"themes/hexo-theme-snippet/source/img/timeline-dot.gif","hash":"c85ef87be5b631c009e7c5737d33b61dfe580a4d","modified":1611647038656},{"_id":"themes/hexo-theme-snippet/source/js/fireworks.js","hash":"e9c74f2dd3953d4d8dec44e9977574d00702e84d","modified":1613563330393},{"_id":"themes/hexo-theme-snippet/source/js/app.js","hash":"bd2d4d7d975431a4fa1125c098f6b95fc752421d","modified":1611647038657},{"_id":"themes/hexo-theme-snippet/source/js/love.js","hash":"da1ac4e3a0141ca7d1e73904577ed8a78ec95266","modified":1613478653422},{"_id":"themes/hexo-theme-snippet/source/js/search.js","hash":"88bdeed9b56c7dd5d2b5194b268fad605c129d58","modified":1611647038657},{"_id":"themes/hexo-theme-snippet/source/js/snow.js","hash":"740e40122af029e4d4f78e8f84fc61ad5fa72003","modified":1613528425441},{"_id":"themes/hexo-theme-snippet/layout/_partial/_head-sections/IE.ejs","hash":"9244b4d56884e8bedcff62aab74ef7bb025cdd7a","modified":1611647038616},{"_id":"themes/hexo-theme-snippet/layout/_partial/_head-sections/seo.ejs","hash":"ac931754998d13f8b65c43e542e71b03d779b97f","modified":1611647038616},{"_id":"themes/hexo-theme-snippet/layout/_partial/_head-sections/style.ejs","hash":"a7711ea1a0d55d08b57f6acbea7adbf107269200","modified":1611647038617},{"_id":"themes/hexo-theme-snippet/layout/_partial/_head-sections/title.ejs","hash":"fe7be7d5ba935e52063be2f3e94643a9e1e8417d","modified":1611647038617},{"_id":"themes/hexo-theme-snippet/layout/_vendor/analytics/baidu.ejs","hash":"7818d02890dc3aba795d850613eccab3b65836eb","modified":1611647038621},{"_id":"themes/hexo-theme-snippet/layout/_vendor/analytics/cnzz.ejs","hash":"0f3f14339587f8be960ef7b6f47760ad7d6cfad1","modified":1611647038622},{"_id":"themes/hexo-theme-snippet/layout/_vendor/analytics/google.ejs","hash":"69d06f6d8587d10daccc9702f0f142ebe7c615b9","modified":1611647038622},{"_id":"themes/hexo-theme-snippet/layout/_vendor/analytics/index.ejs","hash":"68b3680acd34f62b0b4e0017e3d8bab20d4e459f","modified":1611647038622},{"_id":"themes/hexo-theme-snippet/layout/_vendor/analytics/tencent.ejs","hash":"93ad3f5a68f1c2e432500c350ff97aad399d90a6","modified":1611647038622},{"_id":"themes/hexo-theme-snippet/layout/_vendor/comments/changyan.ejs","hash":"9526589626a038d6fb6da7d2ced7eb03ee18282f","modified":1611647038623},{"_id":"themes/hexo-theme-snippet/layout/_vendor/comments/disqus.ejs","hash":"5330d3413f25d3b0d404d5339111c0f57e06d124","modified":1611647038623},{"_id":"themes/hexo-theme-snippet/layout/_vendor/comments/gitalk.ejs","hash":"a53858839e432ca6ddd07f59496a89784b485b6b","modified":1611647038623},{"_id":"themes/hexo-theme-snippet/layout/_vendor/comments/gitment.ejs","hash":"21f60b9df7aa0efed80d298122b2f9bc28c24de9","modified":1611647038624},{"_id":"themes/hexo-theme-snippet/layout/_vendor/comments/index.ejs","hash":"2d8dc5906bd8f115a1f2bf2cf1f74480c43726e2","modified":1611647038624},{"_id":"themes/hexo-theme-snippet/layout/_vendor/comments/livere.ejs","hash":"5d2a612b16a5ae05abaddc4af7a12a4d42ee191d","modified":1611647038624},{"_id":"themes/hexo-theme-snippet/layout/_vendor/comments/uyan.ejs","hash":"4d5e43c69eb28d2f45bba3c1cee25d773b02f0d0","modified":1611647038625},{"_id":"themes/hexo-theme-snippet/layout/_vendor/comments/valine.ejs","hash":"2dd5601f0955f69563ee1fd9b69389112f970788","modified":1611647038625},{"_id":"themes/hexo-theme-snippet/source/css/less/_highlight.less","hash":"e91f9fb4dcb56ef1fb3750d4c81e6f5449b2de12","modified":1611647038635},{"_id":"themes/hexo-theme-snippet/source/css/less/_mixins.less","hash":"e52351351ae5388cbc658becd608c733c199c4a5","modified":1611647038636},{"_id":"themes/hexo-theme-snippet/source/css/less/_reward.less","hash":"0691efb4fd3e361e24feb1a77fa16e3cd73ba633","modified":1611647038636},{"_id":"themes/hexo-theme-snippet/source/css/less/_scrollbar.less","hash":"11e85aaf8e0d532afc75b99ff897e6029515d0af","modified":1611647038636},{"_id":"themes/hexo-theme-snippet/source/css/less/_style.less","hash":"35234f7da8deaaddf97ad1265ca2fd4d07bc7d04","modified":1611647038637},{"_id":"themes/hexo-theme-snippet/source/css/less/_timeline.less","hash":"ebb24c9be11df98d40c6a736454e03db88ac1809","modified":1611647038637},{"_id":"themes/hexo-theme-snippet/source/css/less/_variable.less","hash":"35a72a871d40b42cd5a6eb9d60eaf89a5bef5f56","modified":1611647038637},{"_id":"themes/hexo-theme-snippet/source/assets/valine.min.js","hash":"61d8a2678c19153cda6bbd45746648816cc3400f","modified":1611647038633},{"_id":"themes/hexo-theme-snippet/source/css/bootstrap.min.css","hash":"224c9f9ad11b495358aa61dbd53e838e9b61015b","modified":1611647038634},{"_id":"themes/hexo-theme-snippet/source/fonts/fontawesome-webfont.woff","hash":"28b782240b3e76db824e12c02754a9731a167527","modified":1611647038650},{"_id":"themes/hexo-theme-snippet/source/fonts/fontawesome-webfont.woff2","hash":"d6f48cba7d076fb6f2fd6ba993a75b9dc1ecbf0c","modified":1611647038652},{"_id":"themes/hexo-theme-snippet/source/img/avatar.jpg","hash":"de4e237eed72742227630f4e60a69afa78584d60","modified":1612592474564},{"_id":"themes/hexo-theme-snippet/source/img/loading.gif","hash":"6cea4dc953ac09fb744c7fedc12a1f4736faf8ec","modified":1611647038655},{"_id":"themes/hexo-theme-snippet/source/fonts/FontAwesome.otf","hash":"048707bc52ac4b6563aaa383bfe8660a0ddc908c","modified":1611647038640},{"_id":"themes/hexo-theme-snippet/source/fonts/fontawesome-webfont.eot","hash":"d980c2ce873dc43af460d4d572d441304499f400","modified":1611647038643},{"_id":"themes/hexo-theme-snippet/source/fonts/fontawesome-webfont.ttf","hash":"13b1eab65a983c7a73bc7997c479d66943f7c6cb","modified":1611647038649},{"_id":"themes/hexo-theme-snippet/source/fonts/fontawesome-webfont.svg","hash":"b5483b11f8ba213e733b5b8af9927a04fec996f6","modified":1611647038646}],"Category":[{"name":"充电学习","_id":"ckska7i9t0003foub8n4f2mfk"},{"name":"分类1","_id":"ckska7ia4000cfoub3k80dveo"},{"name":"分类2","parent":"ckska7ia4000cfoub3k80dveo","_id":"ckska7ia5000jfoub402ndtre"},{"name":"study","_id":"ckska846a000tfoubezxohncs"},{"name":"充电学","_id":"ckskalq5o0013fouba3uc3yow"},{"name":"随笔","_id":"ckskaqro0001efoub1cc58udf"}],"Data":[],"Page":[{"title":"about","date":"2021-01-26T08:55:30.000Z","_content":"\n欢迎来到这里。\n\n## 关于博客\n\n&emsp;&emsp;本站采用 [Hexo](https://hexo.io/zh-cn/) 框架，使用 [Snippet](https://github.com/shenliyang/hexo-theme-snippet) 主题，托管于GitHub（已迁移到阿里云）。\n\n&emsp;&emsp;搭建过程参考了不少大佬的文章，会同步更新于[Hexo使用笔记](https://www.tigeedev.com/2021/01/26/Hexo%E4%BD%BF%E7%94%A8%E7%AC%94%E8%AE%B0/) ，方便日后参考查看\n\n","source":"about/index.md","raw":"---\ntitle: about\ndate: 2021-01-26 16:55:30\n---\n\n欢迎来到这里。\n\n## 关于博客\n\n&emsp;&emsp;本站采用 [Hexo](https://hexo.io/zh-cn/) 框架，使用 [Snippet](https://github.com/shenliyang/hexo-theme-snippet) 主题，托管于GitHub（已迁移到阿里云）。\n\n&emsp;&emsp;搭建过程参考了不少大佬的文章，会同步更新于[Hexo使用笔记](https://www.tigeedev.com/2021/01/26/Hexo%E4%BD%BF%E7%94%A8%E7%AC%94%E8%AE%B0/) ，方便日后参考查看\n\n","updated":"2021-03-12T04:16:01.735Z","path":"about/index.html","comments":1,"layout":"page","_id":"ckska7i9l0000fouberglbzp2","content":"<p>欢迎来到这里。</p>\n<h2 id=\"关于博客\"><a href=\"#关于博客\" class=\"headerlink\" title=\"关于博客\"></a>关于博客</h2><p>&emsp;&emsp;本站采用 <a href=\"https://hexo.io/zh-cn/\">Hexo</a> 框架，使用 <a href=\"https://github.com/shenliyang/hexo-theme-snippet\">Snippet</a> 主题，托管于GitHub（已迁移到阿里云）。</p>\n<p>&emsp;&emsp;搭建过程参考了不少大佬的文章，会同步更新于<a href=\"https://www.tigeedev.com/2021/01/26/Hexo%E4%BD%BF%E7%94%A8%E7%AC%94%E8%AE%B0/\">Hexo使用笔记</a> ，方便日后参考查看</p>\n","site":{"data":{}},"excerpt":"","more":"<p>欢迎来到这里。</p>\n<h2 id=\"关于博客\"><a href=\"#关于博客\" class=\"headerlink\" title=\"关于博客\"></a>关于博客</h2><p>&emsp;&emsp;本站采用 <a href=\"https://hexo.io/zh-cn/\">Hexo</a> 框架，使用 <a href=\"https://github.com/shenliyang/hexo-theme-snippet\">Snippet</a> 主题，托管于GitHub（已迁移到阿里云）。</p>\n<p>&emsp;&emsp;搭建过程参考了不少大佬的文章，会同步更新于<a href=\"https://www.tigeedev.com/2021/01/26/Hexo%E4%BD%BF%E7%94%A8%E7%AC%94%E8%AE%B0/\">Hexo使用笔记</a> ，方便日后参考查看</p>\n"}],"Post":[{"title":"Hexo使用笔记","date":"2021-01-26T08:28:01.000Z","img":"https://gitee.com/tigeedev/blog-image/raw/master/img/20210209124707.png","_content":"\n## 【00】前言\n\n折腾 Hexo 时遇到过不少坑，过程中遇到比较好的文章会在这篇罗列出来，方便以后查看\n\n\n\n## 【01】Hexo搭建指南\n\n博客刚开始托管在 Github 和 Coding，折腾了一段时间感觉体验不是很好（速度不够快，而且不能被百度收录），于是又把博客迁移到阿里云轻量应用服务器，学生价还不到一百，美滋滋 :)\n\n教程如下：\n\n[使用hexo+github搭建免费个人博客详细教程](http://blog.haoji.me/build-blog-website-by-hexo-github.html?from=xa)\n\n[使用 Github Pages 和 Hexo 搭建自己的独立博客](https://www.itrhx.com/2018/08/15/A02-hexo-blog/)\n\n[hexo+阿里云搭建博客网站（推荐）](https://www.qianguyihao.com/2020-09-19-hexo-aliyun-blog/) \n\n[将Hexo部署到阿里云轻量服务器](https://hjxlog.com/posts/20191130a1.html)\n\n\n\n------\n\n\n\n## 【02】Markdown语法教程\n\n教程：\n\n[献给写作者的 Markdown 新手指南](https://www.jianshu.com/p/q81RER)\n\n------\n\n\n\n## 【03】Hexo博客优化\n\n教程：\n\n[Hexo 博客主题个性化](https://www.itrhx.com/2018/08/27/A04-Hexo-blog-topic-personalization/)\n\n[Hexo 搭建个人博客系列：主题美化篇](http://yearito.cn/posts/hexo-theme-beautify.html)\n\n[Hexo 博客提交百度、谷歌搜索引擎收录](https://www.itrhx.com/2019/09/17/A48-submit-search-engine-inclusion/)\n\n------\n\n\n\n## 【04】图床\n\n[Typora+PicGo+Gitee使用笔记](https://www.tigeedev.com/2021/02/08/Typora+PicGo+Gitee%E4%BD%BF%E7%94%A8%E7%AC%94%E8%AE%B0/) \n\n[Typora + OSS 图床详解（小白都能学得会）](https://www.cnblogs.com/gmengshuai/p/14139394.html) \n\n[阿里云OSS PicGo 配置图床教程 超详细](https://zhuanlan.zhihu.com/p/104152479) \n\n------\n\n\n\n## 【05】博客评论\n\n博客使用的是 [Valine](https://console.leancloud.cn/apps)评论系统，主题已经自带稍微配置一下即可\n\n配置过程网上有很多教程，也可参考这篇文章：[Valine -- 一款极简的评论系统](https://segmentfault.com/p/1210000010911145/read)\n\n\n\n","source":"_posts/Hexo使用笔记.md","raw":"---\ntitle: Hexo使用笔记\ncategories:\n  - 充电学习\ntags:\n  - Hexo\ndate: 2021-01-26 16:28:01\nimg: https://gitee.com/tigeedev/blog-image/raw/master/img/20210209124707.png\n---\n\n## 【00】前言\n\n折腾 Hexo 时遇到过不少坑，过程中遇到比较好的文章会在这篇罗列出来，方便以后查看\n\n\n\n## 【01】Hexo搭建指南\n\n博客刚开始托管在 Github 和 Coding，折腾了一段时间感觉体验不是很好（速度不够快，而且不能被百度收录），于是又把博客迁移到阿里云轻量应用服务器，学生价还不到一百，美滋滋 :)\n\n教程如下：\n\n[使用hexo+github搭建免费个人博客详细教程](http://blog.haoji.me/build-blog-website-by-hexo-github.html?from=xa)\n\n[使用 Github Pages 和 Hexo 搭建自己的独立博客](https://www.itrhx.com/2018/08/15/A02-hexo-blog/)\n\n[hexo+阿里云搭建博客网站（推荐）](https://www.qianguyihao.com/2020-09-19-hexo-aliyun-blog/) \n\n[将Hexo部署到阿里云轻量服务器](https://hjxlog.com/posts/20191130a1.html)\n\n\n\n------\n\n\n\n## 【02】Markdown语法教程\n\n教程：\n\n[献给写作者的 Markdown 新手指南](https://www.jianshu.com/p/q81RER)\n\n------\n\n\n\n## 【03】Hexo博客优化\n\n教程：\n\n[Hexo 博客主题个性化](https://www.itrhx.com/2018/08/27/A04-Hexo-blog-topic-personalization/)\n\n[Hexo 搭建个人博客系列：主题美化篇](http://yearito.cn/posts/hexo-theme-beautify.html)\n\n[Hexo 博客提交百度、谷歌搜索引擎收录](https://www.itrhx.com/2019/09/17/A48-submit-search-engine-inclusion/)\n\n------\n\n\n\n## 【04】图床\n\n[Typora+PicGo+Gitee使用笔记](https://www.tigeedev.com/2021/02/08/Typora+PicGo+Gitee%E4%BD%BF%E7%94%A8%E7%AC%94%E8%AE%B0/) \n\n[Typora + OSS 图床详解（小白都能学得会）](https://www.cnblogs.com/gmengshuai/p/14139394.html) \n\n[阿里云OSS PicGo 配置图床教程 超详细](https://zhuanlan.zhihu.com/p/104152479) \n\n------\n\n\n\n## 【05】博客评论\n\n博客使用的是 [Valine](https://console.leancloud.cn/apps)评论系统，主题已经自带稍微配置一下即可\n\n配置过程网上有很多教程，也可参考这篇文章：[Valine -- 一款极简的评论系统](https://segmentfault.com/p/1210000010911145/read)\n\n\n\n","slug":"Hexo使用笔记","published":1,"updated":"2021-08-20T11:52:48.161Z","_id":"ckska7i9o0001foubgsukc1io","comments":1,"layout":"post","photos":[],"link":"","content":"<h2 id=\"【00】前言\"><a href=\"#【00】前言\" class=\"headerlink\" title=\"【00】前言\"></a>【00】前言</h2><p>折腾 Hexo 时遇到过不少坑，过程中遇到比较好的文章会在这篇罗列出来，方便以后查看</p>\n<h2 id=\"【01】Hexo搭建指南\"><a href=\"#【01】Hexo搭建指南\" class=\"headerlink\" title=\"【01】Hexo搭建指南\"></a>【01】Hexo搭建指南</h2><p>博客刚开始托管在 Github 和 Coding，折腾了一段时间感觉体验不是很好（速度不够快，而且不能被百度收录），于是又把博客迁移到阿里云轻量应用服务器，学生价还不到一百，美滋滋 :)</p>\n<p>教程如下：</p>\n<p><a href=\"http://blog.haoji.me/build-blog-website-by-hexo-github.html?from=xa\">使用hexo+github搭建免费个人博客详细教程</a></p>\n<p><a href=\"https://www.itrhx.com/2018/08/15/A02-hexo-blog/\">使用 Github Pages 和 Hexo 搭建自己的独立博客</a></p>\n<p><a href=\"https://www.qianguyihao.com/2020-09-19-hexo-aliyun-blog/\">hexo+阿里云搭建博客网站（推荐）</a> </p>\n<p><a href=\"https://hjxlog.com/posts/20191130a1.html\">将Hexo部署到阿里云轻量服务器</a></p>\n<hr>\n<h2 id=\"【02】Markdown语法教程\"><a href=\"#【02】Markdown语法教程\" class=\"headerlink\" title=\"【02】Markdown语法教程\"></a>【02】Markdown语法教程</h2><p>教程：</p>\n<p><a href=\"https://www.jianshu.com/p/q81RER\">献给写作者的 Markdown 新手指南</a></p>\n<hr>\n<h2 id=\"【03】Hexo博客优化\"><a href=\"#【03】Hexo博客优化\" class=\"headerlink\" title=\"【03】Hexo博客优化\"></a>【03】Hexo博客优化</h2><p>教程：</p>\n<p><a href=\"https://www.itrhx.com/2018/08/27/A04-Hexo-blog-topic-personalization/\">Hexo 博客主题个性化</a></p>\n<p><a href=\"http://yearito.cn/posts/hexo-theme-beautify.html\">Hexo 搭建个人博客系列：主题美化篇</a></p>\n<p><a href=\"https://www.itrhx.com/2019/09/17/A48-submit-search-engine-inclusion/\">Hexo 博客提交百度、谷歌搜索引擎收录</a></p>\n<hr>\n<h2 id=\"【04】图床\"><a href=\"#【04】图床\" class=\"headerlink\" title=\"【04】图床\"></a>【04】图床</h2><p><a href=\"https://www.tigeedev.com/2021/02/08/Typora+PicGo+Gitee%E4%BD%BF%E7%94%A8%E7%AC%94%E8%AE%B0/\">Typora+PicGo+Gitee使用笔记</a> </p>\n<p><a href=\"https://www.cnblogs.com/gmengshuai/p/14139394.html\">Typora + OSS 图床详解（小白都能学得会）</a> </p>\n<p><a href=\"https://zhuanlan.zhihu.com/p/104152479\">阿里云OSS PicGo 配置图床教程 超详细</a> </p>\n<hr>\n<h2 id=\"【05】博客评论\"><a href=\"#【05】博客评论\" class=\"headerlink\" title=\"【05】博客评论\"></a>【05】博客评论</h2><p>博客使用的是 <a href=\"https://console.leancloud.cn/apps\">Valine</a>评论系统，主题已经自带稍微配置一下即可</p>\n<p>配置过程网上有很多教程，也可参考这篇文章：<a href=\"https://segmentfault.com/p/1210000010911145/read\">Valine – 一款极简的评论系统</a></p>\n","site":{"data":{}},"excerpt":"","more":"<h2 id=\"【00】前言\"><a href=\"#【00】前言\" class=\"headerlink\" title=\"【00】前言\"></a>【00】前言</h2><p>折腾 Hexo 时遇到过不少坑，过程中遇到比较好的文章会在这篇罗列出来，方便以后查看</p>\n<h2 id=\"【01】Hexo搭建指南\"><a href=\"#【01】Hexo搭建指南\" class=\"headerlink\" title=\"【01】Hexo搭建指南\"></a>【01】Hexo搭建指南</h2><p>博客刚开始托管在 Github 和 Coding，折腾了一段时间感觉体验不是很好（速度不够快，而且不能被百度收录），于是又把博客迁移到阿里云轻量应用服务器，学生价还不到一百，美滋滋 :)</p>\n<p>教程如下：</p>\n<p><a href=\"http://blog.haoji.me/build-blog-website-by-hexo-github.html?from=xa\">使用hexo+github搭建免费个人博客详细教程</a></p>\n<p><a href=\"https://www.itrhx.com/2018/08/15/A02-hexo-blog/\">使用 Github Pages 和 Hexo 搭建自己的独立博客</a></p>\n<p><a href=\"https://www.qianguyihao.com/2020-09-19-hexo-aliyun-blog/\">hexo+阿里云搭建博客网站（推荐）</a> </p>\n<p><a href=\"https://hjxlog.com/posts/20191130a1.html\">将Hexo部署到阿里云轻量服务器</a></p>\n<hr>\n<h2 id=\"【02】Markdown语法教程\"><a href=\"#【02】Markdown语法教程\" class=\"headerlink\" title=\"【02】Markdown语法教程\"></a>【02】Markdown语法教程</h2><p>教程：</p>\n<p><a href=\"https://www.jianshu.com/p/q81RER\">献给写作者的 Markdown 新手指南</a></p>\n<hr>\n<h2 id=\"【03】Hexo博客优化\"><a href=\"#【03】Hexo博客优化\" class=\"headerlink\" title=\"【03】Hexo博客优化\"></a>【03】Hexo博客优化</h2><p>教程：</p>\n<p><a href=\"https://www.itrhx.com/2018/08/27/A04-Hexo-blog-topic-personalization/\">Hexo 博客主题个性化</a></p>\n<p><a href=\"http://yearito.cn/posts/hexo-theme-beautify.html\">Hexo 搭建个人博客系列：主题美化篇</a></p>\n<p><a href=\"https://www.itrhx.com/2019/09/17/A48-submit-search-engine-inclusion/\">Hexo 博客提交百度、谷歌搜索引擎收录</a></p>\n<hr>\n<h2 id=\"【04】图床\"><a href=\"#【04】图床\" class=\"headerlink\" title=\"【04】图床\"></a>【04】图床</h2><p><a href=\"https://www.tigeedev.com/2021/02/08/Typora+PicGo+Gitee%E4%BD%BF%E7%94%A8%E7%AC%94%E8%AE%B0/\">Typora+PicGo+Gitee使用笔记</a> </p>\n<p><a href=\"https://www.cnblogs.com/gmengshuai/p/14139394.html\">Typora + OSS 图床详解（小白都能学得会）</a> </p>\n<p><a href=\"https://zhuanlan.zhihu.com/p/104152479\">阿里云OSS PicGo 配置图床教程 超详细</a> </p>\n<hr>\n<h2 id=\"【05】博客评论\"><a href=\"#【05】博客评论\" class=\"headerlink\" title=\"【05】博客评论\"></a>【05】博客评论</h2><p>博客使用的是 <a href=\"https://console.leancloud.cn/apps\">Valine</a>评论系统，主题已经自带稍微配置一下即可</p>\n<p>配置过程网上有很多教程，也可参考这篇文章：<a href=\"https://segmentfault.com/p/1210000010911145/read\">Valine – 一款极简的评论系统</a></p>\n"},{"title":"Hexo 博客的常用配置","comments":1,"date":"2021-02-08T06:56:28.000Z","img":"https://gitee.com/tigeedev/blog-image/raw/master/img/20210208173741.png","_content":"\n## 一、hexo常见命令\n\n### 1.1 新建文章\n\n输入以下命令后会在 `hexo\\source\\_posts` 目录下生成 `.md` 文件，打开即可直接编辑。当执行 hexo generate 命令时，文章会被编译到 public 目录下，生成静态页面\n\n**新建文章**\n\n```\n$ hexo new \"postName\"\n```\n\n**本地预览**\n\n```\nhexo clean #清除缓存\nhexo s -g #生成静态页面并本地预览\n```\n\n\n\n### 1.2 文章发布\n\n写完文章，并进行本地预览后，就可以将文章发布到服务器端了\n\n每次部署的三个步骤：\n\n```\nhexo clean\nhexo generate\nhexo deploy\n```\n\n命令简写：\n\n```\nhexo clean #清除缓存\nhexo d -g #生成并上传\n```\n\n\n\n### 1.3 其他常用命令\n\n```\nhexo new \"postName\" #新建文章\nhexo new page \"pageName\" #新建页面\nhexo generate #生成静态页面至public目录\nhexo server  #启动本地预览\nhexo deploy #将目录部署到服务器\nhexo help  # 查看帮助 \nhexo version  #查看Hexo的版本\n```\n\n\n\n\n\n## 二、hexo 文章格式\n\n> 文章格式可以让文章的信息更完整\n\n### 2.1 hexo 文章常用格式\n\n```\n---\ntitle: 文章标题\ncategories:\n  - 文章分类(添加一个即可)\ntags:\n  - 标签1\n  - 标签2\ncomments: false\ndate: 2021-02-08 14:56:28\nimg:\n---\n```\n\n\n\n### 2.2 hexo 文章模板的自定义\n\n每次使用 `hexo new \"postName\"` 新建一篇文章时，默认只有title、date、tags这几个属性。\n\n我们可以修改 `hexo\\scaffolds\\post.md` 文件，自定义文章格式的模板，修改后的内容如下：\n\n```css\n---\n  title: {{ title }}\n  date: {{ date }}\n  categories: ['分类1','分类2']\n  tags: ['标签1','标签2']\n  comments: false\n  img:\n---\n```\n\n  \n\n参考文章：[hexo 博客的常见配置](https://www.qianguyihao.com/2020-09-21-hexo-config/) ","source":"_posts/Hexo常用配置.md","raw":"---\ntitle: Hexo 博客的常用配置\ncategories:\n  - 充电学习\ntags:\n  - Hexo\ncomments: true\ndate: 2021-02-08 14:56:28\nimg: https://gitee.com/tigeedev/blog-image/raw/master/img/20210208173741.png\n---\n\n## 一、hexo常见命令\n\n### 1.1 新建文章\n\n输入以下命令后会在 `hexo\\source\\_posts` 目录下生成 `.md` 文件，打开即可直接编辑。当执行 hexo generate 命令时，文章会被编译到 public 目录下，生成静态页面\n\n**新建文章**\n\n```\n$ hexo new \"postName\"\n```\n\n**本地预览**\n\n```\nhexo clean #清除缓存\nhexo s -g #生成静态页面并本地预览\n```\n\n\n\n### 1.2 文章发布\n\n写完文章，并进行本地预览后，就可以将文章发布到服务器端了\n\n每次部署的三个步骤：\n\n```\nhexo clean\nhexo generate\nhexo deploy\n```\n\n命令简写：\n\n```\nhexo clean #清除缓存\nhexo d -g #生成并上传\n```\n\n\n\n### 1.3 其他常用命令\n\n```\nhexo new \"postName\" #新建文章\nhexo new page \"pageName\" #新建页面\nhexo generate #生成静态页面至public目录\nhexo server  #启动本地预览\nhexo deploy #将目录部署到服务器\nhexo help  # 查看帮助 \nhexo version  #查看Hexo的版本\n```\n\n\n\n\n\n## 二、hexo 文章格式\n\n> 文章格式可以让文章的信息更完整\n\n### 2.1 hexo 文章常用格式\n\n```\n---\ntitle: 文章标题\ncategories:\n  - 文章分类(添加一个即可)\ntags:\n  - 标签1\n  - 标签2\ncomments: false\ndate: 2021-02-08 14:56:28\nimg:\n---\n```\n\n\n\n### 2.2 hexo 文章模板的自定义\n\n每次使用 `hexo new \"postName\"` 新建一篇文章时，默认只有title、date、tags这几个属性。\n\n我们可以修改 `hexo\\scaffolds\\post.md` 文件，自定义文章格式的模板，修改后的内容如下：\n\n```css\n---\n  title: {{ title }}\n  date: {{ date }}\n  categories: ['分类1','分类2']\n  tags: ['标签1','标签2']\n  comments: false\n  img:\n---\n```\n\n  \n\n参考文章：[hexo 博客的常见配置](https://www.qianguyihao.com/2020-09-21-hexo-config/) ","slug":"Hexo常用配置","published":1,"updated":"2021-08-20T11:52:35.007Z","_id":"ckska7i9s0002foub7p2q3sou","layout":"post","photos":[],"link":"","content":"<h2 id=\"一、hexo常见命令\"><a href=\"#一、hexo常见命令\" class=\"headerlink\" title=\"一、hexo常见命令\"></a>一、hexo常见命令</h2><h3 id=\"1-1-新建文章\"><a href=\"#1-1-新建文章\" class=\"headerlink\" title=\"1.1 新建文章\"></a>1.1 新建文章</h3><p>输入以下命令后会在 <code>hexo\\source\\_posts</code> 目录下生成 <code>.md</code> 文件，打开即可直接编辑。当执行 hexo generate 命令时，文章会被编译到 public 目录下，生成静态页面</p>\n<p><strong>新建文章</strong></p>\n<figure class=\"highlight plain\"><table><tr><td class=\"gutter\"><pre><span class=\"line\">1</span><br></pre></td><td class=\"code\"><pre><span class=\"line\">$ hexo new &quot;postName&quot;</span><br></pre></td></tr></table></figure>\n<p><strong>本地预览</strong></p>\n<figure class=\"highlight plain\"><table><tr><td class=\"gutter\"><pre><span class=\"line\">1</span><br><span class=\"line\">2</span><br></pre></td><td class=\"code\"><pre><span class=\"line\">hexo clean #清除缓存</span><br><span class=\"line\">hexo s -g #生成静态页面并本地预览</span><br></pre></td></tr></table></figure>\n\n\n<h3 id=\"1-2-文章发布\"><a href=\"#1-2-文章发布\" class=\"headerlink\" title=\"1.2 文章发布\"></a>1.2 文章发布</h3><p>写完文章，并进行本地预览后，就可以将文章发布到服务器端了</p>\n<p>每次部署的三个步骤：</p>\n<figure class=\"highlight plain\"><table><tr><td class=\"gutter\"><pre><span class=\"line\">1</span><br><span class=\"line\">2</span><br><span class=\"line\">3</span><br></pre></td><td class=\"code\"><pre><span class=\"line\">hexo clean</span><br><span class=\"line\">hexo generate</span><br><span class=\"line\">hexo deploy</span><br></pre></td></tr></table></figure>\n<p>命令简写：</p>\n<figure class=\"highlight plain\"><table><tr><td class=\"gutter\"><pre><span class=\"line\">1</span><br><span class=\"line\">2</span><br></pre></td><td class=\"code\"><pre><span class=\"line\">hexo clean #清除缓存</span><br><span class=\"line\">hexo d -g #生成并上传</span><br></pre></td></tr></table></figure>\n\n\n<h3 id=\"1-3-其他常用命令\"><a href=\"#1-3-其他常用命令\" class=\"headerlink\" title=\"1.3 其他常用命令\"></a>1.3 其他常用命令</h3><figure class=\"highlight plain\"><table><tr><td class=\"gutter\"><pre><span class=\"line\">1</span><br><span class=\"line\">2</span><br><span class=\"line\">3</span><br><span class=\"line\">4</span><br><span class=\"line\">5</span><br><span class=\"line\">6</span><br><span class=\"line\">7</span><br></pre></td><td class=\"code\"><pre><span class=\"line\">hexo new &quot;postName&quot; #新建文章</span><br><span class=\"line\">hexo new page &quot;pageName&quot; #新建页面</span><br><span class=\"line\">hexo generate #生成静态页面至public目录</span><br><span class=\"line\">hexo server  #启动本地预览</span><br><span class=\"line\">hexo deploy #将目录部署到服务器</span><br><span class=\"line\">hexo help  # 查看帮助 </span><br><span class=\"line\">hexo version  #查看Hexo的版本</span><br></pre></td></tr></table></figure>\n\n\n\n\n<h2 id=\"二、hexo-文章格式\"><a href=\"#二、hexo-文章格式\" class=\"headerlink\" title=\"二、hexo 文章格式\"></a>二、hexo 文章格式</h2><blockquote>\n<p>文章格式可以让文章的信息更完整</p>\n</blockquote>\n<h3 id=\"2-1-hexo-文章常用格式\"><a href=\"#2-1-hexo-文章常用格式\" class=\"headerlink\" title=\"2.1 hexo 文章常用格式\"></a>2.1 hexo 文章常用格式</h3><figure class=\"highlight plain\"><table><tr><td class=\"gutter\"><pre><span class=\"line\">1</span><br><span class=\"line\">2</span><br><span class=\"line\">3</span><br><span class=\"line\">4</span><br><span class=\"line\">5</span><br><span class=\"line\">6</span><br><span class=\"line\">7</span><br><span class=\"line\">8</span><br><span class=\"line\">9</span><br><span class=\"line\">10</span><br><span class=\"line\">11</span><br></pre></td><td class=\"code\"><pre><span class=\"line\">---</span><br><span class=\"line\">title: 文章标题</span><br><span class=\"line\">categories:</span><br><span class=\"line\">  - 文章分类(添加一个即可)</span><br><span class=\"line\">tags:</span><br><span class=\"line\">  - 标签1</span><br><span class=\"line\">  - 标签2</span><br><span class=\"line\">comments: false</span><br><span class=\"line\">date: 2021-02-08 14:56:28</span><br><span class=\"line\">img:</span><br><span class=\"line\">---</span><br></pre></td></tr></table></figure>\n\n\n<h3 id=\"2-2-hexo-文章模板的自定义\"><a href=\"#2-2-hexo-文章模板的自定义\" class=\"headerlink\" title=\"2.2 hexo 文章模板的自定义\"></a>2.2 hexo 文章模板的自定义</h3><p>每次使用 <code>hexo new &quot;postName&quot;</code> 新建一篇文章时，默认只有title、date、tags这几个属性。</p>\n<p>我们可以修改 <code>hexo\\scaffolds\\post.md</code> 文件，自定义文章格式的模板，修改后的内容如下：</p>\n<figure class=\"highlight css\"><table><tr><td class=\"gutter\"><pre><span class=\"line\">1</span><br><span class=\"line\">2</span><br><span class=\"line\">3</span><br><span class=\"line\">4</span><br><span class=\"line\">5</span><br><span class=\"line\">6</span><br><span class=\"line\">7</span><br><span class=\"line\">8</span><br></pre></td><td class=\"code\"><pre><span class=\"line\"><span class=\"selector-tag\">---</span></span><br><span class=\"line\">  title: &#123;&#123; title &#125;&#125;</span><br><span class=\"line\">  date: &#123;&#123; date &#125;&#125;</span><br><span class=\"line\">  <span class=\"selector-tag\">categories</span>: <span class=\"selector-attr\">[<span class=\"string\">&#x27;分类1&#x27;</span>,<span class=\"string\">&#x27;分类2&#x27;</span>]</span></span><br><span class=\"line\">  <span class=\"selector-tag\">tags</span>: <span class=\"selector-attr\">[<span class=\"string\">&#x27;标签1&#x27;</span>,<span class=\"string\">&#x27;标签2&#x27;</span>]</span></span><br><span class=\"line\">  <span class=\"selector-tag\">comments</span>: <span class=\"selector-tag\">false</span></span><br><span class=\"line\">  <span class=\"selector-tag\">img</span>:</span><br><span class=\"line\"><span class=\"selector-tag\">---</span></span><br></pre></td></tr></table></figure>\n\n\n<p>参考文章：<a href=\"https://www.qianguyihao.com/2020-09-21-hexo-config/\">hexo 博客的常见配置</a> </p>\n","site":{"data":{}},"excerpt":"","more":"<h2 id=\"一、hexo常见命令\"><a href=\"#一、hexo常见命令\" class=\"headerlink\" title=\"一、hexo常见命令\"></a>一、hexo常见命令</h2><h3 id=\"1-1-新建文章\"><a href=\"#1-1-新建文章\" class=\"headerlink\" title=\"1.1 新建文章\"></a>1.1 新建文章</h3><p>输入以下命令后会在 <code>hexo\\source\\_posts</code> 目录下生成 <code>.md</code> 文件，打开即可直接编辑。当执行 hexo generate 命令时，文章会被编译到 public 目录下，生成静态页面</p>\n<p><strong>新建文章</strong></p>\n<figure class=\"highlight plain\"><table><tr><td class=\"gutter\"><pre><span class=\"line\">1</span><br></pre></td><td class=\"code\"><pre><span class=\"line\">$ hexo new &quot;postName&quot;</span><br></pre></td></tr></table></figure>\n<p><strong>本地预览</strong></p>\n<figure class=\"highlight plain\"><table><tr><td class=\"gutter\"><pre><span class=\"line\">1</span><br><span class=\"line\">2</span><br></pre></td><td class=\"code\"><pre><span class=\"line\">hexo clean #清除缓存</span><br><span class=\"line\">hexo s -g #生成静态页面并本地预览</span><br></pre></td></tr></table></figure>\n\n\n<h3 id=\"1-2-文章发布\"><a href=\"#1-2-文章发布\" class=\"headerlink\" title=\"1.2 文章发布\"></a>1.2 文章发布</h3><p>写完文章，并进行本地预览后，就可以将文章发布到服务器端了</p>\n<p>每次部署的三个步骤：</p>\n<figure class=\"highlight plain\"><table><tr><td class=\"gutter\"><pre><span class=\"line\">1</span><br><span class=\"line\">2</span><br><span class=\"line\">3</span><br></pre></td><td class=\"code\"><pre><span class=\"line\">hexo clean</span><br><span class=\"line\">hexo generate</span><br><span class=\"line\">hexo deploy</span><br></pre></td></tr></table></figure>\n<p>命令简写：</p>\n<figure class=\"highlight plain\"><table><tr><td class=\"gutter\"><pre><span class=\"line\">1</span><br><span class=\"line\">2</span><br></pre></td><td class=\"code\"><pre><span class=\"line\">hexo clean #清除缓存</span><br><span class=\"line\">hexo d -g #生成并上传</span><br></pre></td></tr></table></figure>\n\n\n<h3 id=\"1-3-其他常用命令\"><a href=\"#1-3-其他常用命令\" class=\"headerlink\" title=\"1.3 其他常用命令\"></a>1.3 其他常用命令</h3><figure class=\"highlight plain\"><table><tr><td class=\"gutter\"><pre><span class=\"line\">1</span><br><span class=\"line\">2</span><br><span class=\"line\">3</span><br><span class=\"line\">4</span><br><span class=\"line\">5</span><br><span class=\"line\">6</span><br><span class=\"line\">7</span><br></pre></td><td class=\"code\"><pre><span class=\"line\">hexo new &quot;postName&quot; #新建文章</span><br><span class=\"line\">hexo new page &quot;pageName&quot; #新建页面</span><br><span class=\"line\">hexo generate #生成静态页面至public目录</span><br><span class=\"line\">hexo server  #启动本地预览</span><br><span class=\"line\">hexo deploy #将目录部署到服务器</span><br><span class=\"line\">hexo help  # 查看帮助 </span><br><span class=\"line\">hexo version  #查看Hexo的版本</span><br></pre></td></tr></table></figure>\n\n\n\n\n<h2 id=\"二、hexo-文章格式\"><a href=\"#二、hexo-文章格式\" class=\"headerlink\" title=\"二、hexo 文章格式\"></a>二、hexo 文章格式</h2><blockquote>\n<p>文章格式可以让文章的信息更完整</p>\n</blockquote>\n<h3 id=\"2-1-hexo-文章常用格式\"><a href=\"#2-1-hexo-文章常用格式\" class=\"headerlink\" title=\"2.1 hexo 文章常用格式\"></a>2.1 hexo 文章常用格式</h3><figure class=\"highlight plain\"><table><tr><td class=\"gutter\"><pre><span class=\"line\">1</span><br><span class=\"line\">2</span><br><span class=\"line\">3</span><br><span class=\"line\">4</span><br><span class=\"line\">5</span><br><span class=\"line\">6</span><br><span class=\"line\">7</span><br><span class=\"line\">8</span><br><span class=\"line\">9</span><br><span class=\"line\">10</span><br><span class=\"line\">11</span><br></pre></td><td class=\"code\"><pre><span class=\"line\">---</span><br><span class=\"line\">title: 文章标题</span><br><span class=\"line\">categories:</span><br><span class=\"line\">  - 文章分类(添加一个即可)</span><br><span class=\"line\">tags:</span><br><span class=\"line\">  - 标签1</span><br><span class=\"line\">  - 标签2</span><br><span class=\"line\">comments: false</span><br><span class=\"line\">date: 2021-02-08 14:56:28</span><br><span class=\"line\">img:</span><br><span class=\"line\">---</span><br></pre></td></tr></table></figure>\n\n\n<h3 id=\"2-2-hexo-文章模板的自定义\"><a href=\"#2-2-hexo-文章模板的自定义\" class=\"headerlink\" title=\"2.2 hexo 文章模板的自定义\"></a>2.2 hexo 文章模板的自定义</h3><p>每次使用 <code>hexo new &quot;postName&quot;</code> 新建一篇文章时，默认只有title、date、tags这几个属性。</p>\n<p>我们可以修改 <code>hexo\\scaffolds\\post.md</code> 文件，自定义文章格式的模板，修改后的内容如下：</p>\n<figure class=\"highlight css\"><table><tr><td class=\"gutter\"><pre><span class=\"line\">1</span><br><span class=\"line\">2</span><br><span class=\"line\">3</span><br><span class=\"line\">4</span><br><span class=\"line\">5</span><br><span class=\"line\">6</span><br><span class=\"line\">7</span><br><span class=\"line\">8</span><br></pre></td><td class=\"code\"><pre><span class=\"line\"><span class=\"selector-tag\">---</span></span><br><span class=\"line\">  title: &#123;&#123; title &#125;&#125;</span><br><span class=\"line\">  date: &#123;&#123; date &#125;&#125;</span><br><span class=\"line\">  <span class=\"selector-tag\">categories</span>: <span class=\"selector-attr\">[<span class=\"string\">&#x27;分类1&#x27;</span>,<span class=\"string\">&#x27;分类2&#x27;</span>]</span></span><br><span class=\"line\">  <span class=\"selector-tag\">tags</span>: <span class=\"selector-attr\">[<span class=\"string\">&#x27;标签1&#x27;</span>,<span class=\"string\">&#x27;标签2&#x27;</span>]</span></span><br><span class=\"line\">  <span class=\"selector-tag\">comments</span>: <span class=\"selector-tag\">false</span></span><br><span class=\"line\">  <span class=\"selector-tag\">img</span>:</span><br><span class=\"line\"><span class=\"selector-tag\">---</span></span><br></pre></td></tr></table></figure>\n\n\n<p>参考文章：<a href=\"https://www.qianguyihao.com/2020-09-21-hexo-config/\">hexo 博客的常见配置</a> </p>\n"},{"title":"Nginx在同一个域名下配置多个项目","comments":0,"date":"2021-08-20T11:39:49.000Z","_content":"\n## 前言\n\n服务器可以部署多个项目，在只有一个域名的情况下，可以给不同的项目分配不同的二级域名来进行访问。\n\n## 配置过程\n\n### 1. 添加二级域名\n\n- 添加A记录到主机\n- 同一个域名可以解析出N个二级域名\n\n<img src=\"https://tigeedev.oss-cn-hangzhou.aliyuncs.com/img/20210820184102.png\" alt=\"image-20210820184059426\" style=\"zoom:80%;\" />\n\n### 2. 配置nginx\n\n- nginx 中另添加一个 `server` \n- 修改后重启nginx\n  - 先使用 `nginx -t` 测试语法是否正确\n  - 使用命令 `nginx -s reload` 重新加载配置文件\n\n```\n    # hexo博客\n    #\n    server {\n        listen       80;\n        server_name  www.tigeedev.com;\n\n        location / {\n            root   /var/hexo;\n            index  index.html index.htm;\n        }\n\n        #error_page  404              /404.html;\n\n        # redirect server error pages to the static page /50x.html\n        #\n        error_page   500 502 503 504  /50x.html;\n        location = /50x.html {\n            root   html;\n        }\n    }\n\n    # 商城项目\n    #\n    server {\n        listen       80;\n        server_name  shop.tigeedev.com;\n\n        location / {\n            root   /var/mall;\n            index  index.html index.htm;\n            try_files $uri $uri/ /index.html; #使用history模式进行路由\n        }\n    }\n```\n\n## 参考文章\n\n- [Nginx同一个域名配置多个项目](https://blog.csdn.net/cc_want/article/details/83780435)\n\n","source":"_posts/Nginx在同一个域名下配置多个项目.md","raw":"---\ntitle: Nginx在同一个域名下配置多个项目\ncategories:\n  - 充电学习\ntags:\n  - 服务器\n  - nginx\ncomments: false\ndate: 2021-08-20 19:39:49\n---\n\n## 前言\n\n服务器可以部署多个项目，在只有一个域名的情况下，可以给不同的项目分配不同的二级域名来进行访问。\n\n## 配置过程\n\n### 1. 添加二级域名\n\n- 添加A记录到主机\n- 同一个域名可以解析出N个二级域名\n\n<img src=\"https://tigeedev.oss-cn-hangzhou.aliyuncs.com/img/20210820184102.png\" alt=\"image-20210820184059426\" style=\"zoom:80%;\" />\n\n### 2. 配置nginx\n\n- nginx 中另添加一个 `server` \n- 修改后重启nginx\n  - 先使用 `nginx -t` 测试语法是否正确\n  - 使用命令 `nginx -s reload` 重新加载配置文件\n\n```\n    # hexo博客\n    #\n    server {\n        listen       80;\n        server_name  www.tigeedev.com;\n\n        location / {\n            root   /var/hexo;\n            index  index.html index.htm;\n        }\n\n        #error_page  404              /404.html;\n\n        # redirect server error pages to the static page /50x.html\n        #\n        error_page   500 502 503 504  /50x.html;\n        location = /50x.html {\n            root   html;\n        }\n    }\n\n    # 商城项目\n    #\n    server {\n        listen       80;\n        server_name  shop.tigeedev.com;\n\n        location / {\n            root   /var/mall;\n            index  index.html index.htm;\n            try_files $uri $uri/ /index.html; #使用history模式进行路由\n        }\n    }\n```\n\n## 参考文章\n\n- [Nginx同一个域名配置多个项目](https://blog.csdn.net/cc_want/article/details/83780435)\n\n","slug":"Nginx在同一个域名下配置多个项目","published":1,"updated":"2021-08-20T11:58:38.679Z","_id":"ckska7i9y0005foub1pgpa3lk","layout":"post","photos":[],"link":"","content":"<h2 id=\"前言\"><a href=\"#前言\" class=\"headerlink\" title=\"前言\"></a>前言</h2><p>服务器可以部署多个项目，在只有一个域名的情况下，可以给不同的项目分配不同的二级域名来进行访问。</p>\n<h2 id=\"配置过程\"><a href=\"#配置过程\" class=\"headerlink\" title=\"配置过程\"></a>配置过程</h2><h3 id=\"1-添加二级域名\"><a href=\"#1-添加二级域名\" class=\"headerlink\" title=\"1. 添加二级域名\"></a>1. 添加二级域名</h3><ul>\n<li>添加A记录到主机</li>\n<li>同一个域名可以解析出N个二级域名</li>\n</ul>\n<img src=\"https://tigeedev.oss-cn-hangzhou.aliyuncs.com/img/20210820184102.png\" alt=\"image-20210820184059426\" style=\"zoom:80%;\" />\n\n<h3 id=\"2-配置nginx\"><a href=\"#2-配置nginx\" class=\"headerlink\" title=\"2. 配置nginx\"></a>2. 配置nginx</h3><ul>\n<li>nginx 中另添加一个 <code>server</code> </li>\n<li>修改后重启nginx<ul>\n<li>先使用 <code>nginx -t</code> 测试语法是否正确</li>\n<li>使用命令 <code>nginx -s reload</code> 重新加载配置文件</li>\n</ul>\n</li>\n</ul>\n<figure class=\"highlight plain\"><table><tr><td class=\"gutter\"><pre><span class=\"line\">1</span><br><span class=\"line\">2</span><br><span class=\"line\">3</span><br><span class=\"line\">4</span><br><span class=\"line\">5</span><br><span class=\"line\">6</span><br><span class=\"line\">7</span><br><span class=\"line\">8</span><br><span class=\"line\">9</span><br><span class=\"line\">10</span><br><span class=\"line\">11</span><br><span class=\"line\">12</span><br><span class=\"line\">13</span><br><span class=\"line\">14</span><br><span class=\"line\">15</span><br><span class=\"line\">16</span><br><span class=\"line\">17</span><br><span class=\"line\">18</span><br><span class=\"line\">19</span><br><span class=\"line\">20</span><br><span class=\"line\">21</span><br><span class=\"line\">22</span><br><span class=\"line\">23</span><br><span class=\"line\">24</span><br><span class=\"line\">25</span><br><span class=\"line\">26</span><br><span class=\"line\">27</span><br><span class=\"line\">28</span><br><span class=\"line\">29</span><br><span class=\"line\">30</span><br><span class=\"line\">31</span><br><span class=\"line\">32</span><br><span class=\"line\">33</span><br></pre></td><td class=\"code\"><pre><span class=\"line\"># hexo博客</span><br><span class=\"line\">#</span><br><span class=\"line\">server &#123;</span><br><span class=\"line\">    listen       80;</span><br><span class=\"line\">    server_name  www.tigeedev.com;</span><br><span class=\"line\"></span><br><span class=\"line\">    location &#x2F; &#123;</span><br><span class=\"line\">        root   &#x2F;var&#x2F;hexo;</span><br><span class=\"line\">        index  index.html index.htm;</span><br><span class=\"line\">    &#125;</span><br><span class=\"line\"></span><br><span class=\"line\">    #error_page  404              &#x2F;404.html;</span><br><span class=\"line\"></span><br><span class=\"line\">    # redirect server error pages to the static page &#x2F;50x.html</span><br><span class=\"line\">    #</span><br><span class=\"line\">    error_page   500 502 503 504  &#x2F;50x.html;</span><br><span class=\"line\">    location &#x3D; &#x2F;50x.html &#123;</span><br><span class=\"line\">        root   html;</span><br><span class=\"line\">    &#125;</span><br><span class=\"line\">&#125;</span><br><span class=\"line\"></span><br><span class=\"line\"># 商城项目</span><br><span class=\"line\">#</span><br><span class=\"line\">server &#123;</span><br><span class=\"line\">    listen       80;</span><br><span class=\"line\">    server_name  shop.tigeedev.com;</span><br><span class=\"line\"></span><br><span class=\"line\">    location &#x2F; &#123;</span><br><span class=\"line\">        root   &#x2F;var&#x2F;mall;</span><br><span class=\"line\">        index  index.html index.htm;</span><br><span class=\"line\">        try_files $uri $uri&#x2F; &#x2F;index.html; #使用history模式进行路由</span><br><span class=\"line\">    &#125;</span><br><span class=\"line\">&#125;</span><br></pre></td></tr></table></figure>\n<h2 id=\"参考文章\"><a href=\"#参考文章\" class=\"headerlink\" title=\"参考文章\"></a>参考文章</h2><ul>\n<li><a href=\"https://blog.csdn.net/cc_want/article/details/83780435\">Nginx同一个域名配置多个项目</a></li>\n</ul>\n","site":{"data":{}},"excerpt":"","more":"<h2 id=\"前言\"><a href=\"#前言\" class=\"headerlink\" title=\"前言\"></a>前言</h2><p>服务器可以部署多个项目，在只有一个域名的情况下，可以给不同的项目分配不同的二级域名来进行访问。</p>\n<h2 id=\"配置过程\"><a href=\"#配置过程\" class=\"headerlink\" title=\"配置过程\"></a>配置过程</h2><h3 id=\"1-添加二级域名\"><a href=\"#1-添加二级域名\" class=\"headerlink\" title=\"1. 添加二级域名\"></a>1. 添加二级域名</h3><ul>\n<li>添加A记录到主机</li>\n<li>同一个域名可以解析出N个二级域名</li>\n</ul>\n<img src=\"https://tigeedev.oss-cn-hangzhou.aliyuncs.com/img/20210820184102.png\" alt=\"image-20210820184059426\" style=\"zoom:80%;\" />\n\n<h3 id=\"2-配置nginx\"><a href=\"#2-配置nginx\" class=\"headerlink\" title=\"2. 配置nginx\"></a>2. 配置nginx</h3><ul>\n<li>nginx 中另添加一个 <code>server</code> </li>\n<li>修改后重启nginx<ul>\n<li>先使用 <code>nginx -t</code> 测试语法是否正确</li>\n<li>使用命令 <code>nginx -s reload</code> 重新加载配置文件</li>\n</ul>\n</li>\n</ul>\n<figure class=\"highlight plain\"><table><tr><td class=\"gutter\"><pre><span class=\"line\">1</span><br><span class=\"line\">2</span><br><span class=\"line\">3</span><br><span class=\"line\">4</span><br><span class=\"line\">5</span><br><span class=\"line\">6</span><br><span class=\"line\">7</span><br><span class=\"line\">8</span><br><span class=\"line\">9</span><br><span class=\"line\">10</span><br><span class=\"line\">11</span><br><span class=\"line\">12</span><br><span class=\"line\">13</span><br><span class=\"line\">14</span><br><span class=\"line\">15</span><br><span class=\"line\">16</span><br><span class=\"line\">17</span><br><span class=\"line\">18</span><br><span class=\"line\">19</span><br><span class=\"line\">20</span><br><span class=\"line\">21</span><br><span class=\"line\">22</span><br><span class=\"line\">23</span><br><span class=\"line\">24</span><br><span class=\"line\">25</span><br><span class=\"line\">26</span><br><span class=\"line\">27</span><br><span class=\"line\">28</span><br><span class=\"line\">29</span><br><span class=\"line\">30</span><br><span class=\"line\">31</span><br><span class=\"line\">32</span><br><span class=\"line\">33</span><br></pre></td><td class=\"code\"><pre><span class=\"line\"># hexo博客</span><br><span class=\"line\">#</span><br><span class=\"line\">server &#123;</span><br><span class=\"line\">    listen       80;</span><br><span class=\"line\">    server_name  www.tigeedev.com;</span><br><span class=\"line\"></span><br><span class=\"line\">    location &#x2F; &#123;</span><br><span class=\"line\">        root   &#x2F;var&#x2F;hexo;</span><br><span class=\"line\">        index  index.html index.htm;</span><br><span class=\"line\">    &#125;</span><br><span class=\"line\"></span><br><span class=\"line\">    #error_page  404              &#x2F;404.html;</span><br><span class=\"line\"></span><br><span class=\"line\">    # redirect server error pages to the static page &#x2F;50x.html</span><br><span class=\"line\">    #</span><br><span class=\"line\">    error_page   500 502 503 504  &#x2F;50x.html;</span><br><span class=\"line\">    location &#x3D; &#x2F;50x.html &#123;</span><br><span class=\"line\">        root   html;</span><br><span class=\"line\">    &#125;</span><br><span class=\"line\">&#125;</span><br><span class=\"line\"></span><br><span class=\"line\"># 商城项目</span><br><span class=\"line\">#</span><br><span class=\"line\">server &#123;</span><br><span class=\"line\">    listen       80;</span><br><span class=\"line\">    server_name  shop.tigeedev.com;</span><br><span class=\"line\"></span><br><span class=\"line\">    location &#x2F; &#123;</span><br><span class=\"line\">        root   &#x2F;var&#x2F;mall;</span><br><span class=\"line\">        index  index.html index.htm;</span><br><span class=\"line\">        try_files $uri $uri&#x2F; &#x2F;index.html; #使用history模式进行路由</span><br><span class=\"line\">    &#125;</span><br><span class=\"line\">&#125;</span><br></pre></td></tr></table></figure>\n<h2 id=\"参考文章\"><a href=\"#参考文章\" class=\"headerlink\" title=\"参考文章\"></a>参考文章</h2><ul>\n<li><a href=\"https://blog.csdn.net/cc_want/article/details/83780435\">Nginx同一个域名配置多个项目</a></li>\n</ul>\n"},{"title":"SSH 无法连接 CentOS","date":"2021-03-11T12:56:49.000Z","img":null,"_content":"\n\n\n# 问题描述\n\n服务器是阿里云，CentOS 7.3\n\n今天刚完成备案，刚想接着折腾，结果发现 ssh 远程连接一直提示 Connection timed out（ping没问题）\n\n**日志详情**\n\n```xaml\n$ ssh -v git@公网 IP\nOpenSSH_8.4p1, OpenSSL 1.1.1i  8 Dec 2020\ndebug1: Reading configuration data /etc/ssh/ssh_config\ndebug1: Connecting to IP [IP] port 22.\ndebug1: connect to address IP port 22: Connection timed out\n\nssh: connect to host IP port 22: Connection timed out\n```\n\n**端口情况**\n\n```\n# sudo netstat -plnt\n\nActive Internet connections (only servers)\nProto Recv-Q Send-Q Local Address    Foreign Address     State    PID/Program name    \ntcp        0      0 0.0.0.0:80       0.0.0.0:*           LISTEN   2334/nginx: master  \ntcp        0      0 0.0.0.0:22       0.0.0.0:*           LISTEN   2055/sshd\n```\n\n\n\n# 解决方法\n\n连接不上可能是由于网络环境导致。之前 SSH 一直都正常连接，到学校才发现会 time out。所以校园网很可能是那个罪魁祸首\n\n...\n\n果不其然，用手机的 4G 开个热点就可以正常连接了。一点小问题折腾了一下午...草（一种植物）\n\n\n\n# 参考链接\n\n- [Linux Ubuntu 无法连接 ssh connect to host port 22: Connection timed out](https://ruby-china.org/topics/37035) \n- [校园网手机ssh连接vm虚拟机linux教程](https://blog.csdn.net/weixin_40943540/article/details/83108806?utm_medium=distribute.pc_relevant.none-task-blog-baidujs_utm_term-1&spm=1001.2101.3001.4242)\n\n","source":"_posts/SSH 无法连接 CentOS.md","raw":"---\ntitle: SSH 无法连接 CentOS\ncategories:\n  - 充电学习\ntags:\n  - ssh\ndate: 2021-03-11 20:56:49\nimg:\n---\n\n\n\n# 问题描述\n\n服务器是阿里云，CentOS 7.3\n\n今天刚完成备案，刚想接着折腾，结果发现 ssh 远程连接一直提示 Connection timed out（ping没问题）\n\n**日志详情**\n\n```xaml\n$ ssh -v git@公网 IP\nOpenSSH_8.4p1, OpenSSL 1.1.1i  8 Dec 2020\ndebug1: Reading configuration data /etc/ssh/ssh_config\ndebug1: Connecting to IP [IP] port 22.\ndebug1: connect to address IP port 22: Connection timed out\n\nssh: connect to host IP port 22: Connection timed out\n```\n\n**端口情况**\n\n```\n# sudo netstat -plnt\n\nActive Internet connections (only servers)\nProto Recv-Q Send-Q Local Address    Foreign Address     State    PID/Program name    \ntcp        0      0 0.0.0.0:80       0.0.0.0:*           LISTEN   2334/nginx: master  \ntcp        0      0 0.0.0.0:22       0.0.0.0:*           LISTEN   2055/sshd\n```\n\n\n\n# 解决方法\n\n连接不上可能是由于网络环境导致。之前 SSH 一直都正常连接，到学校才发现会 time out。所以校园网很可能是那个罪魁祸首\n\n...\n\n果不其然，用手机的 4G 开个热点就可以正常连接了。一点小问题折腾了一下午...草（一种植物）\n\n\n\n# 参考链接\n\n- [Linux Ubuntu 无法连接 ssh connect to host port 22: Connection timed out](https://ruby-china.org/topics/37035) \n- [校园网手机ssh连接vm虚拟机linux教程](https://blog.csdn.net/weixin_40943540/article/details/83108806?utm_medium=distribute.pc_relevant.none-task-blog-baidujs_utm_term-1&spm=1001.2101.3001.4242)\n\n","slug":"SSH 无法连接 CentOS","published":1,"updated":"2021-08-20T11:53:15.784Z","_id":"ckska7ia00006foubf150cvt2","comments":1,"layout":"post","photos":[],"link":"","content":"<h1 id=\"问题描述\"><a href=\"#问题描述\" class=\"headerlink\" title=\"问题描述\"></a>问题描述</h1><p>服务器是阿里云，CentOS 7.3</p>\n<p>今天刚完成备案，刚想接着折腾，结果发现 ssh 远程连接一直提示 Connection timed out（ping没问题）</p>\n<p><strong>日志详情</strong></p>\n<figure class=\"highlight plain\"><table><tr><td class=\"gutter\"><pre><span class=\"line\">1</span><br><span class=\"line\">2</span><br><span class=\"line\">3</span><br><span class=\"line\">4</span><br><span class=\"line\">5</span><br><span class=\"line\">6</span><br><span class=\"line\">7</span><br></pre></td><td class=\"code\"><pre><span class=\"line\">$ ssh -v git@公网 IP</span><br><span class=\"line\">OpenSSH_8.4p1, OpenSSL 1.1.1i  8 Dec 2020</span><br><span class=\"line\">debug1: Reading configuration data &#x2F;etc&#x2F;ssh&#x2F;ssh_config</span><br><span class=\"line\">debug1: Connecting to IP [IP] port 22.</span><br><span class=\"line\">debug1: connect to address IP port 22: Connection timed out</span><br><span class=\"line\"></span><br><span class=\"line\">ssh: connect to host IP port 22: Connection timed out</span><br></pre></td></tr></table></figure>\n<p><strong>端口情况</strong></p>\n<figure class=\"highlight plain\"><table><tr><td class=\"gutter\"><pre><span class=\"line\">1</span><br><span class=\"line\">2</span><br><span class=\"line\">3</span><br><span class=\"line\">4</span><br><span class=\"line\">5</span><br><span class=\"line\">6</span><br></pre></td><td class=\"code\"><pre><span class=\"line\"># sudo netstat -plnt</span><br><span class=\"line\"></span><br><span class=\"line\">Active Internet connections (only servers)</span><br><span class=\"line\">Proto Recv-Q Send-Q Local Address    Foreign Address     State    PID&#x2F;Program name    </span><br><span class=\"line\">tcp        0      0 0.0.0.0:80       0.0.0.0:*           LISTEN   2334&#x2F;nginx: master  </span><br><span class=\"line\">tcp        0      0 0.0.0.0:22       0.0.0.0:*           LISTEN   2055&#x2F;sshd</span><br></pre></td></tr></table></figure>\n\n\n<h1 id=\"解决方法\"><a href=\"#解决方法\" class=\"headerlink\" title=\"解决方法\"></a>解决方法</h1><p>连接不上可能是由于网络环境导致。之前 SSH 一直都正常连接，到学校才发现会 time out。所以校园网很可能是那个罪魁祸首</p>\n<p>…</p>\n<p>果不其然，用手机的 4G 开个热点就可以正常连接了。一点小问题折腾了一下午…草（一种植物）</p>\n<h1 id=\"参考链接\"><a href=\"#参考链接\" class=\"headerlink\" title=\"参考链接\"></a>参考链接</h1><ul>\n<li><a href=\"https://ruby-china.org/topics/37035\">Linux Ubuntu 无法连接 ssh connect to host port 22: Connection timed out</a> </li>\n<li><a href=\"https://blog.csdn.net/weixin_40943540/article/details/83108806?utm_medium=distribute.pc_relevant.none-task-blog-baidujs_utm_term-1&spm=1001.2101.3001.4242\">校园网手机ssh连接vm虚拟机linux教程</a></li>\n</ul>\n","site":{"data":{}},"excerpt":"","more":"<h1 id=\"问题描述\"><a href=\"#问题描述\" class=\"headerlink\" title=\"问题描述\"></a>问题描述</h1><p>服务器是阿里云，CentOS 7.3</p>\n<p>今天刚完成备案，刚想接着折腾，结果发现 ssh 远程连接一直提示 Connection timed out（ping没问题）</p>\n<p><strong>日志详情</strong></p>\n<figure class=\"highlight plain\"><table><tr><td class=\"gutter\"><pre><span class=\"line\">1</span><br><span class=\"line\">2</span><br><span class=\"line\">3</span><br><span class=\"line\">4</span><br><span class=\"line\">5</span><br><span class=\"line\">6</span><br><span class=\"line\">7</span><br></pre></td><td class=\"code\"><pre><span class=\"line\">$ ssh -v git@公网 IP</span><br><span class=\"line\">OpenSSH_8.4p1, OpenSSL 1.1.1i  8 Dec 2020</span><br><span class=\"line\">debug1: Reading configuration data &#x2F;etc&#x2F;ssh&#x2F;ssh_config</span><br><span class=\"line\">debug1: Connecting to IP [IP] port 22.</span><br><span class=\"line\">debug1: connect to address IP port 22: Connection timed out</span><br><span class=\"line\"></span><br><span class=\"line\">ssh: connect to host IP port 22: Connection timed out</span><br></pre></td></tr></table></figure>\n<p><strong>端口情况</strong></p>\n<figure class=\"highlight plain\"><table><tr><td class=\"gutter\"><pre><span class=\"line\">1</span><br><span class=\"line\">2</span><br><span class=\"line\">3</span><br><span class=\"line\">4</span><br><span class=\"line\">5</span><br><span class=\"line\">6</span><br></pre></td><td class=\"code\"><pre><span class=\"line\"># sudo netstat -plnt</span><br><span class=\"line\"></span><br><span class=\"line\">Active Internet connections (only servers)</span><br><span class=\"line\">Proto Recv-Q Send-Q Local Address    Foreign Address     State    PID&#x2F;Program name    </span><br><span class=\"line\">tcp        0      0 0.0.0.0:80       0.0.0.0:*           LISTEN   2334&#x2F;nginx: master  </span><br><span class=\"line\">tcp        0      0 0.0.0.0:22       0.0.0.0:*           LISTEN   2055&#x2F;sshd</span><br></pre></td></tr></table></figure>\n\n\n<h1 id=\"解决方法\"><a href=\"#解决方法\" class=\"headerlink\" title=\"解决方法\"></a>解决方法</h1><p>连接不上可能是由于网络环境导致。之前 SSH 一直都正常连接，到学校才发现会 time out。所以校园网很可能是那个罪魁祸首</p>\n<p>…</p>\n<p>果不其然，用手机的 4G 开个热点就可以正常连接了。一点小问题折腾了一下午…草（一种植物）</p>\n<h1 id=\"参考链接\"><a href=\"#参考链接\" class=\"headerlink\" title=\"参考链接\"></a>参考链接</h1><ul>\n<li><a href=\"https://ruby-china.org/topics/37035\">Linux Ubuntu 无法连接 ssh connect to host port 22: Connection timed out</a> </li>\n<li><a href=\"https://blog.csdn.net/weixin_40943540/article/details/83108806?utm_medium=distribute.pc_relevant.none-task-blog-baidujs_utm_term-1&spm=1001.2101.3001.4242\">校园网手机ssh连接vm虚拟机linux教程</a></li>\n</ul>\n"},{"title":"Typora+PicGo+Gitee使用笔记","date":"2021-02-08T06:57:01.000Z","img":"https://gitee.com/tigeedev/blog-image/raw/master/img/20210209115603.png","_content":"\n# 一、前言\n\n之前我的写作方案一直是：**Typora + OneDrive** 。因为这样所有操作都可以在本地进行，没有上传图片的烦恼\n\n但是在博客写作中想要插入一些图片时，就需要将图片上传至图床生成 URL。网上一番探索后，最终挑选出以下几种方案：\n\n1. 阿里云对象存储 [OSS](https://help.aliyun.com/product/31815.html)（一年9块）\n2. Github图床 + [jsdelivr](https://www.jsdelivr.com/) 的 CDN 加速。参考文章：[Github+jsDelivr+PicGo 打造稳定快速、高效免费图床](http://www.itrhx.com/2019/08/01/A27-image-hosting/)\n3. Gtiee图床（码云）\n\n所以目前我也有了一套比较满意的写作方案： **Typora+ PicGo + Gitee**  。使用Typora编写markdown笔记，Gitee作为图床，PicGo用于自动上传图片。完美~\n\n配置过程顺便做了笔记，留作以后参考。\n\n\n\n# 二、本文工具介绍\n\n1. [Gitee](https://gitee.com/) ：国内版的Github，功能跟Github基本一样，而且在国内访问非常快，用作图床再合适不过\n2. [PicGo](https://picgo.github.io/PicGo-Doc/) ：一个用于快速上传图片并获取图片 URL 链接的工具，可以关联 Gitee 仓库，上传图片非常方便\n3. [Typora](https://www.typora.io/) ：一款优雅的markdown编辑器，所见即所得的方式让人爱不释手。新版的Typora已经支持PicGo ，写作过程中插入图片便可直接上传至 Gitee\n\nMarkdown 是一种轻量级标记语言，Github中的帮助文档也是统一使用 Markdown 编写。语法十分简单，十分钟便可入门。推荐学习教程：[献给写作者的 Markdown 新手指南](https://www.jianshu.com/p/q81RER)\n\n\n\n# 三、配置 Gitee\n\n## 3.1 新建仓库\n\n登录 gitee ，点击右上角的 + 号，新建仓库\n\n<img src=\"https://gitee.com/tigeedev/blog-image/raw/master/img/20210208122810.png\" alt=\"image-20210208122809749\" style=\"zoom:80%;\" />\n\n\n\n\n\n## 3.2 新建仓库基本配置\n\n输入仓库名称，选择公开仓库，勾选使用 Readme 文件初始化这个仓库，然后点击 \"创建\" 即可\n\n![image-20210208124231943](https://gitee.com/tigeedev/blog-image/raw/master/img/20210208153031.png)\n\n\n\n## 3.3 生成私人令牌（token）\n\n点击设置-私人令牌-生成新令牌。注意**令牌只会显示一次，要注意保存，后面在 PicGo 中会用到。**如果忘记也可以删除重新生成。\n\n![image-20210208132211648](https://gitee.com/tigeedev/blog-image/raw/master/img/20210208153055.png)\n\n\n\n# 四、安装配置 PicGo\n\n## 4.1 安装图床插件\n\n由于 PicGo 本体并不支持 Gitee 图床，所以需要通过第三方图床插件来实现。找到 **gitee-uploader** 插件，安装成功图床中便会出现 gitee 一栏\n\n注意：电脑中必须先安装 [node.js](https://nodejs.org/en/) 才能安装插件，安装完重启即可\n\n![image-20210208133129721](https://gitee.com/tigeedev/blog-image/raw/master/img/20210208153146.png)\n\n\n\n## 4.2 配置 gitee 图床\n\n- repo：用户名/仓库名称，比如我自己的仓库 tigeedev/blog-Image\n- branch：分支，填 master\n- token：填入前面码云的私人令牌，搞丢了可以重新生成\n- path：路径，一般写上 img\n- customPath：这一项和下一项都不用填\n\n然后点击确定，并设为默认图床\n\n![image-20210208134202618](https://gitee.com/tigeedev/blog-image/raw/master/img/20210208153201.png)\n\n\n\n## 4.3 激活PicGo-Server\n\n2.2 版本之后，PicGo内部会默认开启一个小型的服务器，用于配合其他应用来调用PicGo进行上传。\n\n打开 PicGo 设置页面，点击 \"设置 Server\" ，参考下图进行设置即可。\n\n![image-20210208140449603](https://gitee.com/tigeedev/blog-image/raw/master/img/20210208153252.png)\n\n\n\n到这一步，已经可以在 PicGo 中上传图片了。上传成功 PicGo 会有提示，也可以在 Gitee 仓库中查看\n\n\n\n# 五、配置 Typora\n\n用 Typora 写作时，如果插入的图片能直接上传到 Gitee 岂不是很方便？所以在 **Typora 0.9.84 及以上版本**已经支持了 PicGo\n\n点击 **文件--偏好设置--图像**，插入图片时选择 \"上传图片\" ，然后下面选择本地 PicGo 的路径即可\n\n![image-20210208143016808](https://gitee.com/tigeedev/blog-image/raw/master/img/20210208153236.png)\n\n\n\n**验证图片上传**\n\n点击 \"验证图片上传\" ，验证成功会返回如下结果。\n\n![image-20210208143304889](https://gitee.com/tigeedev/blog-image/raw/master/img/20210208153315.png)\n\n至此已经全部设置完成，以后在 Typora 中插入图片时，就可以自动上传到对应图床啦！\n\n\n\n# 六、管理图片\n\n**所有上传的图片都可以在 Gitee 仓库中查看， 也可以在 PicGo 的相册中进行管理**\n\n不过可能是插件的原因，对相册中的图片进行的操作都会同步到 Gitee。也就是说**在相册中删除图片时，Gitee中的图片也会同步删除**，所以一定注意不要误删。\n\n![image-20210208135110662](https://gitee.com/tigeedev/blog-image/raw/master/img/20210208221228.png)","source":"_posts/Typora+PicGo+Gitee使用笔记.md","raw":"---\ntitle: Typora+PicGo+Gitee使用笔记\ncategories:\n  - 充电学习\ntags:\n  - Hexo\n  - 图床\ndate: 2021-02-08 14:57:01\nimg: https://gitee.com/tigeedev/blog-image/raw/master/img/20210209115603.png\n---\n\n# 一、前言\n\n之前我的写作方案一直是：**Typora + OneDrive** 。因为这样所有操作都可以在本地进行，没有上传图片的烦恼\n\n但是在博客写作中想要插入一些图片时，就需要将图片上传至图床生成 URL。网上一番探索后，最终挑选出以下几种方案：\n\n1. 阿里云对象存储 [OSS](https://help.aliyun.com/product/31815.html)（一年9块）\n2. Github图床 + [jsdelivr](https://www.jsdelivr.com/) 的 CDN 加速。参考文章：[Github+jsDelivr+PicGo 打造稳定快速、高效免费图床](http://www.itrhx.com/2019/08/01/A27-image-hosting/)\n3. Gtiee图床（码云）\n\n所以目前我也有了一套比较满意的写作方案： **Typora+ PicGo + Gitee**  。使用Typora编写markdown笔记，Gitee作为图床，PicGo用于自动上传图片。完美~\n\n配置过程顺便做了笔记，留作以后参考。\n\n\n\n# 二、本文工具介绍\n\n1. [Gitee](https://gitee.com/) ：国内版的Github，功能跟Github基本一样，而且在国内访问非常快，用作图床再合适不过\n2. [PicGo](https://picgo.github.io/PicGo-Doc/) ：一个用于快速上传图片并获取图片 URL 链接的工具，可以关联 Gitee 仓库，上传图片非常方便\n3. [Typora](https://www.typora.io/) ：一款优雅的markdown编辑器，所见即所得的方式让人爱不释手。新版的Typora已经支持PicGo ，写作过程中插入图片便可直接上传至 Gitee\n\nMarkdown 是一种轻量级标记语言，Github中的帮助文档也是统一使用 Markdown 编写。语法十分简单，十分钟便可入门。推荐学习教程：[献给写作者的 Markdown 新手指南](https://www.jianshu.com/p/q81RER)\n\n\n\n# 三、配置 Gitee\n\n## 3.1 新建仓库\n\n登录 gitee ，点击右上角的 + 号，新建仓库\n\n<img src=\"https://gitee.com/tigeedev/blog-image/raw/master/img/20210208122810.png\" alt=\"image-20210208122809749\" style=\"zoom:80%;\" />\n\n\n\n\n\n## 3.2 新建仓库基本配置\n\n输入仓库名称，选择公开仓库，勾选使用 Readme 文件初始化这个仓库，然后点击 \"创建\" 即可\n\n![image-20210208124231943](https://gitee.com/tigeedev/blog-image/raw/master/img/20210208153031.png)\n\n\n\n## 3.3 生成私人令牌（token）\n\n点击设置-私人令牌-生成新令牌。注意**令牌只会显示一次，要注意保存，后面在 PicGo 中会用到。**如果忘记也可以删除重新生成。\n\n![image-20210208132211648](https://gitee.com/tigeedev/blog-image/raw/master/img/20210208153055.png)\n\n\n\n# 四、安装配置 PicGo\n\n## 4.1 安装图床插件\n\n由于 PicGo 本体并不支持 Gitee 图床，所以需要通过第三方图床插件来实现。找到 **gitee-uploader** 插件，安装成功图床中便会出现 gitee 一栏\n\n注意：电脑中必须先安装 [node.js](https://nodejs.org/en/) 才能安装插件，安装完重启即可\n\n![image-20210208133129721](https://gitee.com/tigeedev/blog-image/raw/master/img/20210208153146.png)\n\n\n\n## 4.2 配置 gitee 图床\n\n- repo：用户名/仓库名称，比如我自己的仓库 tigeedev/blog-Image\n- branch：分支，填 master\n- token：填入前面码云的私人令牌，搞丢了可以重新生成\n- path：路径，一般写上 img\n- customPath：这一项和下一项都不用填\n\n然后点击确定，并设为默认图床\n\n![image-20210208134202618](https://gitee.com/tigeedev/blog-image/raw/master/img/20210208153201.png)\n\n\n\n## 4.3 激活PicGo-Server\n\n2.2 版本之后，PicGo内部会默认开启一个小型的服务器，用于配合其他应用来调用PicGo进行上传。\n\n打开 PicGo 设置页面，点击 \"设置 Server\" ，参考下图进行设置即可。\n\n![image-20210208140449603](https://gitee.com/tigeedev/blog-image/raw/master/img/20210208153252.png)\n\n\n\n到这一步，已经可以在 PicGo 中上传图片了。上传成功 PicGo 会有提示，也可以在 Gitee 仓库中查看\n\n\n\n# 五、配置 Typora\n\n用 Typora 写作时，如果插入的图片能直接上传到 Gitee 岂不是很方便？所以在 **Typora 0.9.84 及以上版本**已经支持了 PicGo\n\n点击 **文件--偏好设置--图像**，插入图片时选择 \"上传图片\" ，然后下面选择本地 PicGo 的路径即可\n\n![image-20210208143016808](https://gitee.com/tigeedev/blog-image/raw/master/img/20210208153236.png)\n\n\n\n**验证图片上传**\n\n点击 \"验证图片上传\" ，验证成功会返回如下结果。\n\n![image-20210208143304889](https://gitee.com/tigeedev/blog-image/raw/master/img/20210208153315.png)\n\n至此已经全部设置完成，以后在 Typora 中插入图片时，就可以自动上传到对应图床啦！\n\n\n\n# 六、管理图片\n\n**所有上传的图片都可以在 Gitee 仓库中查看， 也可以在 PicGo 的相册中进行管理**\n\n不过可能是插件的原因，对相册中的图片进行的操作都会同步到 Gitee。也就是说**在相册中删除图片时，Gitee中的图片也会同步删除**，所以一定注意不要误删。\n\n![image-20210208135110662](https://gitee.com/tigeedev/blog-image/raw/master/img/20210208221228.png)","slug":"Typora+PicGo+Gitee使用笔记","published":1,"updated":"2021-08-20T11:53:30.499Z","_id":"ckska7ia10007foubdl9526pr","comments":1,"layout":"post","photos":[],"link":"","content":"<h1 id=\"一、前言\"><a href=\"#一、前言\" class=\"headerlink\" title=\"一、前言\"></a>一、前言</h1><p>之前我的写作方案一直是：<strong>Typora + OneDrive</strong> 。因为这样所有操作都可以在本地进行，没有上传图片的烦恼</p>\n<p>但是在博客写作中想要插入一些图片时，就需要将图片上传至图床生成 URL。网上一番探索后，最终挑选出以下几种方案：</p>\n<ol>\n<li>阿里云对象存储 <a href=\"https://help.aliyun.com/product/31815.html\">OSS</a>（一年9块）</li>\n<li>Github图床 + <a href=\"https://www.jsdelivr.com/\">jsdelivr</a> 的 CDN 加速。参考文章：<a href=\"http://www.itrhx.com/2019/08/01/A27-image-hosting/\">Github+jsDelivr+PicGo 打造稳定快速、高效免费图床</a></li>\n<li>Gtiee图床（码云）</li>\n</ol>\n<p>所以目前我也有了一套比较满意的写作方案： <strong>Typora+ PicGo + Gitee</strong>  。使用Typora编写markdown笔记，Gitee作为图床，PicGo用于自动上传图片。完美~</p>\n<p>配置过程顺便做了笔记，留作以后参考。</p>\n<h1 id=\"二、本文工具介绍\"><a href=\"#二、本文工具介绍\" class=\"headerlink\" title=\"二、本文工具介绍\"></a>二、本文工具介绍</h1><ol>\n<li><a href=\"https://gitee.com/\">Gitee</a> ：国内版的Github，功能跟Github基本一样，而且在国内访问非常快，用作图床再合适不过</li>\n<li><a href=\"https://picgo.github.io/PicGo-Doc/\">PicGo</a> ：一个用于快速上传图片并获取图片 URL 链接的工具，可以关联 Gitee 仓库，上传图片非常方便</li>\n<li><a href=\"https://www.typora.io/\">Typora</a> ：一款优雅的markdown编辑器，所见即所得的方式让人爱不释手。新版的Typora已经支持PicGo ，写作过程中插入图片便可直接上传至 Gitee</li>\n</ol>\n<p>Markdown 是一种轻量级标记语言，Github中的帮助文档也是统一使用 Markdown 编写。语法十分简单，十分钟便可入门。推荐学习教程：<a href=\"https://www.jianshu.com/p/q81RER\">献给写作者的 Markdown 新手指南</a></p>\n<h1 id=\"三、配置-Gitee\"><a href=\"#三、配置-Gitee\" class=\"headerlink\" title=\"三、配置 Gitee\"></a>三、配置 Gitee</h1><h2 id=\"3-1-新建仓库\"><a href=\"#3-1-新建仓库\" class=\"headerlink\" title=\"3.1 新建仓库\"></a>3.1 新建仓库</h2><p>登录 gitee ，点击右上角的 + 号，新建仓库</p>\n<img src=\"https://gitee.com/tigeedev/blog-image/raw/master/img/20210208122810.png\" alt=\"image-20210208122809749\" style=\"zoom:80%;\" />\n\n\n\n\n\n<h2 id=\"3-2-新建仓库基本配置\"><a href=\"#3-2-新建仓库基本配置\" class=\"headerlink\" title=\"3.2 新建仓库基本配置\"></a>3.2 新建仓库基本配置</h2><p>输入仓库名称，选择公开仓库，勾选使用 Readme 文件初始化这个仓库，然后点击 “创建” 即可</p>\n<p><img src=\"https://gitee.com/tigeedev/blog-image/raw/master/img/20210208153031.png\" alt=\"image-20210208124231943\"></p>\n<h2 id=\"3-3-生成私人令牌（token）\"><a href=\"#3-3-生成私人令牌（token）\" class=\"headerlink\" title=\"3.3 生成私人令牌（token）\"></a>3.3 生成私人令牌（token）</h2><p>点击设置-私人令牌-生成新令牌。注意<strong>令牌只会显示一次，要注意保存，后面在 PicGo 中会用到。</strong>如果忘记也可以删除重新生成。</p>\n<p><img src=\"https://gitee.com/tigeedev/blog-image/raw/master/img/20210208153055.png\" alt=\"image-20210208132211648\"></p>\n<h1 id=\"四、安装配置-PicGo\"><a href=\"#四、安装配置-PicGo\" class=\"headerlink\" title=\"四、安装配置 PicGo\"></a>四、安装配置 PicGo</h1><h2 id=\"4-1-安装图床插件\"><a href=\"#4-1-安装图床插件\" class=\"headerlink\" title=\"4.1 安装图床插件\"></a>4.1 安装图床插件</h2><p>由于 PicGo 本体并不支持 Gitee 图床，所以需要通过第三方图床插件来实现。找到 <strong>gitee-uploader</strong> 插件，安装成功图床中便会出现 gitee 一栏</p>\n<p>注意：电脑中必须先安装 <a href=\"https://nodejs.org/en/\">node.js</a> 才能安装插件，安装完重启即可</p>\n<p><img src=\"https://gitee.com/tigeedev/blog-image/raw/master/img/20210208153146.png\" alt=\"image-20210208133129721\"></p>\n<h2 id=\"4-2-配置-gitee-图床\"><a href=\"#4-2-配置-gitee-图床\" class=\"headerlink\" title=\"4.2 配置 gitee 图床\"></a>4.2 配置 gitee 图床</h2><ul>\n<li>repo：用户名/仓库名称，比如我自己的仓库 tigeedev/blog-Image</li>\n<li>branch：分支，填 master</li>\n<li>token：填入前面码云的私人令牌，搞丢了可以重新生成</li>\n<li>path：路径，一般写上 img</li>\n<li>customPath：这一项和下一项都不用填</li>\n</ul>\n<p>然后点击确定，并设为默认图床</p>\n<p><img src=\"https://gitee.com/tigeedev/blog-image/raw/master/img/20210208153201.png\" alt=\"image-20210208134202618\"></p>\n<h2 id=\"4-3-激活PicGo-Server\"><a href=\"#4-3-激活PicGo-Server\" class=\"headerlink\" title=\"4.3 激活PicGo-Server\"></a>4.3 激活PicGo-Server</h2><p>2.2 版本之后，PicGo内部会默认开启一个小型的服务器，用于配合其他应用来调用PicGo进行上传。</p>\n<p>打开 PicGo 设置页面，点击 “设置 Server” ，参考下图进行设置即可。</p>\n<p><img src=\"https://gitee.com/tigeedev/blog-image/raw/master/img/20210208153252.png\" alt=\"image-20210208140449603\"></p>\n<p>到这一步，已经可以在 PicGo 中上传图片了。上传成功 PicGo 会有提示，也可以在 Gitee 仓库中查看</p>\n<h1 id=\"五、配置-Typora\"><a href=\"#五、配置-Typora\" class=\"headerlink\" title=\"五、配置 Typora\"></a>五、配置 Typora</h1><p>用 Typora 写作时，如果插入的图片能直接上传到 Gitee 岂不是很方便？所以在 <strong>Typora 0.9.84 及以上版本</strong>已经支持了 PicGo</p>\n<p>点击 <strong>文件–偏好设置–图像</strong>，插入图片时选择 “上传图片” ，然后下面选择本地 PicGo 的路径即可</p>\n<p><img src=\"https://gitee.com/tigeedev/blog-image/raw/master/img/20210208153236.png\" alt=\"image-20210208143016808\"></p>\n<p><strong>验证图片上传</strong></p>\n<p>点击 “验证图片上传” ，验证成功会返回如下结果。</p>\n<p><img src=\"https://gitee.com/tigeedev/blog-image/raw/master/img/20210208153315.png\" alt=\"image-20210208143304889\"></p>\n<p>至此已经全部设置完成，以后在 Typora 中插入图片时，就可以自动上传到对应图床啦！</p>\n<h1 id=\"六、管理图片\"><a href=\"#六、管理图片\" class=\"headerlink\" title=\"六、管理图片\"></a>六、管理图片</h1><p><strong>所有上传的图片都可以在 Gitee 仓库中查看， 也可以在 PicGo 的相册中进行管理</strong></p>\n<p>不过可能是插件的原因，对相册中的图片进行的操作都会同步到 Gitee。也就是说<strong>在相册中删除图片时，Gitee中的图片也会同步删除</strong>，所以一定注意不要误删。</p>\n<p><img src=\"https://gitee.com/tigeedev/blog-image/raw/master/img/20210208221228.png\" alt=\"image-20210208135110662\"></p>\n","site":{"data":{}},"excerpt":"","more":"<h1 id=\"一、前言\"><a href=\"#一、前言\" class=\"headerlink\" title=\"一、前言\"></a>一、前言</h1><p>之前我的写作方案一直是：<strong>Typora + OneDrive</strong> 。因为这样所有操作都可以在本地进行，没有上传图片的烦恼</p>\n<p>但是在博客写作中想要插入一些图片时，就需要将图片上传至图床生成 URL。网上一番探索后，最终挑选出以下几种方案：</p>\n<ol>\n<li>阿里云对象存储 <a href=\"https://help.aliyun.com/product/31815.html\">OSS</a>（一年9块）</li>\n<li>Github图床 + <a href=\"https://www.jsdelivr.com/\">jsdelivr</a> 的 CDN 加速。参考文章：<a href=\"http://www.itrhx.com/2019/08/01/A27-image-hosting/\">Github+jsDelivr+PicGo 打造稳定快速、高效免费图床</a></li>\n<li>Gtiee图床（码云）</li>\n</ol>\n<p>所以目前我也有了一套比较满意的写作方案： <strong>Typora+ PicGo + Gitee</strong>  。使用Typora编写markdown笔记，Gitee作为图床，PicGo用于自动上传图片。完美~</p>\n<p>配置过程顺便做了笔记，留作以后参考。</p>\n<h1 id=\"二、本文工具介绍\"><a href=\"#二、本文工具介绍\" class=\"headerlink\" title=\"二、本文工具介绍\"></a>二、本文工具介绍</h1><ol>\n<li><a href=\"https://gitee.com/\">Gitee</a> ：国内版的Github，功能跟Github基本一样，而且在国内访问非常快，用作图床再合适不过</li>\n<li><a href=\"https://picgo.github.io/PicGo-Doc/\">PicGo</a> ：一个用于快速上传图片并获取图片 URL 链接的工具，可以关联 Gitee 仓库，上传图片非常方便</li>\n<li><a href=\"https://www.typora.io/\">Typora</a> ：一款优雅的markdown编辑器，所见即所得的方式让人爱不释手。新版的Typora已经支持PicGo ，写作过程中插入图片便可直接上传至 Gitee</li>\n</ol>\n<p>Markdown 是一种轻量级标记语言，Github中的帮助文档也是统一使用 Markdown 编写。语法十分简单，十分钟便可入门。推荐学习教程：<a href=\"https://www.jianshu.com/p/q81RER\">献给写作者的 Markdown 新手指南</a></p>\n<h1 id=\"三、配置-Gitee\"><a href=\"#三、配置-Gitee\" class=\"headerlink\" title=\"三、配置 Gitee\"></a>三、配置 Gitee</h1><h2 id=\"3-1-新建仓库\"><a href=\"#3-1-新建仓库\" class=\"headerlink\" title=\"3.1 新建仓库\"></a>3.1 新建仓库</h2><p>登录 gitee ，点击右上角的 + 号，新建仓库</p>\n<img src=\"https://gitee.com/tigeedev/blog-image/raw/master/img/20210208122810.png\" alt=\"image-20210208122809749\" style=\"zoom:80%;\" />\n\n\n\n\n\n<h2 id=\"3-2-新建仓库基本配置\"><a href=\"#3-2-新建仓库基本配置\" class=\"headerlink\" title=\"3.2 新建仓库基本配置\"></a>3.2 新建仓库基本配置</h2><p>输入仓库名称，选择公开仓库，勾选使用 Readme 文件初始化这个仓库，然后点击 “创建” 即可</p>\n<p><img src=\"https://gitee.com/tigeedev/blog-image/raw/master/img/20210208153031.png\" alt=\"image-20210208124231943\"></p>\n<h2 id=\"3-3-生成私人令牌（token）\"><a href=\"#3-3-生成私人令牌（token）\" class=\"headerlink\" title=\"3.3 生成私人令牌（token）\"></a>3.3 生成私人令牌（token）</h2><p>点击设置-私人令牌-生成新令牌。注意<strong>令牌只会显示一次，要注意保存，后面在 PicGo 中会用到。</strong>如果忘记也可以删除重新生成。</p>\n<p><img src=\"https://gitee.com/tigeedev/blog-image/raw/master/img/20210208153055.png\" alt=\"image-20210208132211648\"></p>\n<h1 id=\"四、安装配置-PicGo\"><a href=\"#四、安装配置-PicGo\" class=\"headerlink\" title=\"四、安装配置 PicGo\"></a>四、安装配置 PicGo</h1><h2 id=\"4-1-安装图床插件\"><a href=\"#4-1-安装图床插件\" class=\"headerlink\" title=\"4.1 安装图床插件\"></a>4.1 安装图床插件</h2><p>由于 PicGo 本体并不支持 Gitee 图床，所以需要通过第三方图床插件来实现。找到 <strong>gitee-uploader</strong> 插件，安装成功图床中便会出现 gitee 一栏</p>\n<p>注意：电脑中必须先安装 <a href=\"https://nodejs.org/en/\">node.js</a> 才能安装插件，安装完重启即可</p>\n<p><img src=\"https://gitee.com/tigeedev/blog-image/raw/master/img/20210208153146.png\" alt=\"image-20210208133129721\"></p>\n<h2 id=\"4-2-配置-gitee-图床\"><a href=\"#4-2-配置-gitee-图床\" class=\"headerlink\" title=\"4.2 配置 gitee 图床\"></a>4.2 配置 gitee 图床</h2><ul>\n<li>repo：用户名/仓库名称，比如我自己的仓库 tigeedev/blog-Image</li>\n<li>branch：分支，填 master</li>\n<li>token：填入前面码云的私人令牌，搞丢了可以重新生成</li>\n<li>path：路径，一般写上 img</li>\n<li>customPath：这一项和下一项都不用填</li>\n</ul>\n<p>然后点击确定，并设为默认图床</p>\n<p><img src=\"https://gitee.com/tigeedev/blog-image/raw/master/img/20210208153201.png\" alt=\"image-20210208134202618\"></p>\n<h2 id=\"4-3-激活PicGo-Server\"><a href=\"#4-3-激活PicGo-Server\" class=\"headerlink\" title=\"4.3 激活PicGo-Server\"></a>4.3 激活PicGo-Server</h2><p>2.2 版本之后，PicGo内部会默认开启一个小型的服务器，用于配合其他应用来调用PicGo进行上传。</p>\n<p>打开 PicGo 设置页面，点击 “设置 Server” ，参考下图进行设置即可。</p>\n<p><img src=\"https://gitee.com/tigeedev/blog-image/raw/master/img/20210208153252.png\" alt=\"image-20210208140449603\"></p>\n<p>到这一步，已经可以在 PicGo 中上传图片了。上传成功 PicGo 会有提示，也可以在 Gitee 仓库中查看</p>\n<h1 id=\"五、配置-Typora\"><a href=\"#五、配置-Typora\" class=\"headerlink\" title=\"五、配置 Typora\"></a>五、配置 Typora</h1><p>用 Typora 写作时，如果插入的图片能直接上传到 Gitee 岂不是很方便？所以在 <strong>Typora 0.9.84 及以上版本</strong>已经支持了 PicGo</p>\n<p>点击 <strong>文件–偏好设置–图像</strong>，插入图片时选择 “上传图片” ，然后下面选择本地 PicGo 的路径即可</p>\n<p><img src=\"https://gitee.com/tigeedev/blog-image/raw/master/img/20210208153236.png\" alt=\"image-20210208143016808\"></p>\n<p><strong>验证图片上传</strong></p>\n<p>点击 “验证图片上传” ，验证成功会返回如下结果。</p>\n<p><img src=\"https://gitee.com/tigeedev/blog-image/raw/master/img/20210208153315.png\" alt=\"image-20210208143304889\"></p>\n<p>至此已经全部设置完成，以后在 Typora 中插入图片时，就可以自动上传到对应图床啦！</p>\n<h1 id=\"六、管理图片\"><a href=\"#六、管理图片\" class=\"headerlink\" title=\"六、管理图片\"></a>六、管理图片</h1><p><strong>所有上传的图片都可以在 Gitee 仓库中查看， 也可以在 PicGo 的相册中进行管理</strong></p>\n<p>不过可能是插件的原因，对相册中的图片进行的操作都会同步到 Gitee。也就是说<strong>在相册中删除图片时，Gitee中的图片也会同步删除</strong>，所以一定注意不要误删。</p>\n<p><img src=\"https://gitee.com/tigeedev/blog-image/raw/master/img/20210208221228.png\" alt=\"image-20210208135110662\"></p>\n"},{"title":"2021","date":"2021-03-11T12:56:49.000Z","img":null,"_content":"\n","source":"_posts/2021.md","raw":"---\ntitle: 2021\ncategories:\n  - 随笔\ntags:\n  - ssh\ndate: 2021-03-11 20:56:49\nimg:\n---\n\n","slug":"2021","published":1,"updated":"2021-08-20T11:56:29.791Z","_id":"ckskap97i001bfoub30fi60qo","comments":1,"layout":"post","photos":[],"link":"","content":"","site":{"data":{}},"excerpt":"","more":""}],"PostAsset":[],"PostCategory":[{"post_id":"ckska7i9s0002foub7p2q3sou","category_id":"ckska7i9t0003foub8n4f2mfk","_id":"ckskam8fl0015foub3i1j4lwf"},{"post_id":"ckska7i9o0001foubgsukc1io","category_id":"ckska7i9t0003foub8n4f2mfk","_id":"ckskamqsu0016foub6kadejse"},{"post_id":"ckska7i9y0005foub1pgpa3lk","category_id":"ckska7i9t0003foub8n4f2mfk","_id":"ckskan44e0017foubatci06z3"},{"post_id":"ckska7ia00006foubf150cvt2","category_id":"ckska7i9t0003foub8n4f2mfk","_id":"ckskanc450018foubassl9tjy"},{"post_id":"ckska7ia10007foubdl9526pr","category_id":"ckska7i9t0003foub8n4f2mfk","_id":"ckskanjx00019foubcpu7cms3"},{"post_id":"ckskap97i001bfoub30fi60qo","category_id":"ckskaqro0001efoub1cc58udf","_id":"ckskar1u9001gfoub9lpl7ahl"}],"PostTag":[{"post_id":"ckska7i9o0001foubgsukc1io","tag_id":"ckska7i9x0004foubakkbec07","_id":"ckska7ia3000afoubdkou3ptv"},{"post_id":"ckska7i9s0002foub7p2q3sou","tag_id":"ckska7i9x0004foubakkbec07","_id":"ckska7ia4000efoubg5ly7kpj"},{"post_id":"ckska7ia00006foubf150cvt2","tag_id":"ckska7ia6000kfoubdv7raqll","_id":"ckska7ia7000pfoub6ig498ut"},{"post_id":"ckska7ia10007foubdl9526pr","tag_id":"ckska7i9x0004foubakkbec07","_id":"ckska7ia7000rfoubbk7s5ub1"},{"post_id":"ckska7ia10007foubdl9526pr","tag_id":"ckska7ia7000nfoubg4hu18e3","_id":"ckska7ia8000sfoube4z7esml"},{"post_id":"ckska7i9y0005foub1pgpa3lk","tag_id":"ckskabrje000zfoub7adgd97v","_id":"ckskabrje0010foubccq243dl"},{"post_id":"ckska7i9y0005foub1pgpa3lk","tag_id":"ckskac85z0011foubb3sc21tf","_id":"ckskac85z0012foub5olsd4m7"},{"post_id":"ckskap97i001bfoub30fi60qo","tag_id":"ckska7ia6000kfoubdv7raqll","_id":"ckskaqhug001cfoubf76efuhv"}],"Tag":[{"name":"Hexo","_id":"ckska7i9x0004foubakkbec07"},{"name":"标签1","_id":"ckska7ia4000dfoub4e9mbt9d"},{"name":"标签2","_id":"ckska7ia5000hfoubdzxj3nxd"},{"name":"ssh","_id":"ckska7ia6000kfoubdv7raqll"},{"name":"图床","_id":"ckska7ia7000nfoubg4hu18e3"},{"name":"服务器","_id":"ckskabrje000zfoub7adgd97v"},{"name":"nginx","_id":"ckskac85z0011foubb3sc21tf"}]}}